folio|side|para_num|lb|ana_num|ana_id
1|1|2|6|1|TINAMIT_K'ICHE'
1|1|2|10|1|TZ'AQOL
1|1|2|10|2|B'ITOL
1|1|2|11|1|ALOM
1|1|2|11|2|K'AJOLOM
1|1|2|11|3|JUNAJPU_WUCH'
1|1|2|12|1|JUNAJPU_UTIW
1|1|2|12|2|SAQI_NIM_AQ_SIS
1|1|2|13|1|TEPEW_Q'UKUMATZ
1|1|2|14|1|UK'U'X_CHO
1|1|2|14|2|UK'U'X_PALO
1|1|2|14|3|AJRAXA_LAQ
1|1|2|15|1|AJRAXA_TZEL
1|1|2|17|1|IXMUKANE
1|1|2|17|2|XPIYAKOK
1|1|2|17|3|XPIYAKOK
1|1|2|18|1|IXMUKANE
1|1|2|18|2|IXMUKANE
1|1|2|18|3|XPIYAKOK
1|1|2|19|1|IXMUKANE
1|1|2|19|2|XPIYAKOK
1|1|2|20|1|TINAMIT_K'ICHE'
1|1|2|25|1|DIOS
1|1|2|27|1|POPOL_WUJ
1|1|2|28|1|PALO
1|1|2|40|1|TZ'AQOL
1|1|2|40|2|B'ITOL
1|1|2|41|1|ALOM
1|1|2|41|2|K'AJOLOM
1|2|2|1|1|PALO
1|2|4|9|1|TZ'IKIN
1|2|4|9|2|KAR
1|2|4|9|3|TAP
1|2|4|13|1|PALO
1|2|4|19|1|PALO
1|2|4|23|1|TZ'AQOL
1|2|4|23|2|B'ITOL
1|2|4|23|3|TEPEW_Q'UKUMATZ
1|2|4|24|1|ALOM
1|2|4|24|2|K'AJOLOM
1|2|4|27|1|Q'UKUMATZ
1|2|4|31|1|UK'U'X_KAJ
1|2|5|34|1|TEPEW_Q'UKUMATZ
1|2|5|36|1|TEPEW_Q'UKUMATZ
1|2|5|46|1|UK'U'X_KAJ
1|2|5|46|2|JUN_RAQAN
2|1|5|1|1|KAQUILJA_JUN_RAQAN
2|1|5|2|1|CH'IPI_KAQULJA
2|1|5|3|1|RAXA_KAQULJA
2|1|5|4|1|UK'U'X_KAJ
2|1|5|5|1|TEPEW_Q'UKUMATZ
2|1|5|8|1|K'OOL
2|1|5|29|1|Q'UKUMATZ
2|1|5|30|1|UK'U'X_KAJ
2|1|5|31|1|JUN_RAQAN
2|1|5|31|2|CH'IPI_KAQULJA
2|1|5|32|1|RAXA_KAQULJA
2|1|5|41|1|UK'U'X_KAJ
2|1|5|42|1|UK'U'X_ULEW
2|2|6|5|1|KEJ
2|2|6|5|2|TZ'IKIN
2|2|6|5|3|KOJ
2|2|6|5|4|B'ALAM
2|2|6|5|5|KUMATZ
2|2|6|6|1|SOCHOJ
2|2|6|6|2|K'ANTI'
2|2|6|7|1|ALOM
2|2|6|7|2|K'AJOLOM
2|2|6|12|1|KEJ
2|2|6|12|2|TZ'IKIN
2|2|6|13|1|KEJ
2|2|6|14|1|TZ'IKIN
2|2|6|14|2|KEJ
2|2|6|20|1|TZ'IKIN
2|2|6|21|1|TZ'IKIN
2|2|6|21|2|TZ'IKIN
2|2|6|26|1|KEJ
2|2|6|26|2|TZ'IKIN
2|2|6|30|1|ALOM
2|2|6|30|2|K'AJOLOM
2|2|6|32|1|KEJ
2|2|6|32|2|TZ'IKIN
2|2|7|33|1|KEJ
2|2|7|34|1|TZ'IKIN
2|2|7|34|2|TZ'AQOL
2|2|7|34|3|B'ITOL
2|2|7|34|4|ALOM
2|2|7|35|1|K'AJOLOM
2|2|7|40|1|KEJ
2|2|7|40|2|TZ'IKIN
2|2|7|40|3|KOJ
2|2|7|40|4|B'ALAM
2|2|7|41|1|KUMATZ
2|2|7|42|1|ALOM
2|2|7|43|1|K'AJOLOM
2|2|7|43|2|JUN_RAQAN
2|2|7|44|1|CH'IPI_KAQULJA
2|2|7|44|2|RAXA_KAQULJA
2|2|7|45|1|UK'U'X_KAJ
2|2|7|45|2|UK'U'X_ULEW
2|2|7|46|1|TZ'AQOL
2|2|7|46|2|B'ITOL
2|2|7|46|3|ALOM
2|2|7|46|4|K'AJOLOM
3|1|7|8|1|TZ'AQOL
3|1|7|8|2|B'ITOL
3|1|7|13|1|ALOM
3|1|7|13|2|K'AJOLOM
3|1|7|40|1|TZ'AQOL
3|1|7|41|1|B'ITOL
3|1|7|41|2|ALOM
3|1|7|41|3|K'AJOLOM
3|2|7|15|1|TZ'AQOL
3|2|7|15|2|B'ITOL
3|2|7|26|1|XPIYAKOK
3|2|7|26|2|IXMUKANE
3|2|7|26|3|JUNAJPU_WUCH'
3|2|7|27|1|JUNAJPU_UTIW
3|2|7|29|1|TZ'AQOL
3|2|7|30|1|B'ITOL
3|2|7|31|1|XPIYAKOK
3|2|7|31|2|IXMUKANE
3|2|7|33|1|RATI'T_Q'IJ
3|2|7|33|2|RATI'T_SAQ
3|2|7|34|1|TZ'AQOL
3|2|7|34|2|B'ITOL
3|2|7|35|1|XPIYAKOK
3|2|7|35|2|IXMUKANE
3|2|8|37|1|JUN_RAQAN
3|2|8|37|2|TEPEW_Q'UKUMATZ
3|2|8|39|1|XPIYAKOK
3|2|8|39|2|IXMUKANE
3|2|8|44|1|IXMUKANE
3|2|8|44|2|XPIYAKOK
3|2|8|45|1|XPIYAKOK
3|2|8|45|2|IXMUKANE
4|1|8|3|1|JUNAJPU_WUCH'
4|1|8|4|1|JUNAJPU_UTIW
4|1|8|4|2|KA'MUL_ALOM
4|1|8|5|1|KA'MUL_K'AJOLOM
4|1|8|5|2|NIM_AQ
4|1|8|5|3|NIMA_SIS
4|1|8|6|1|AJK'UWAL
4|1|8|6|2|AJYAMANIK
4|1|8|6|3|AJCH'UT
4|1|8|7|1|AJTZ'ALAM
4|1|8|7|2|AJRAXA_LAQ
4|1|8|7|3|AJRAXA_TZEL
4|1|8|8|1|AJQ'OL
4|1|8|8|2|AJTOLTEKAT
4|1|8|8|3|RATI'T_Q'IJ
4|1|8|8|4|RATI'T_SAQ
4|1|8|10|1|IXIM
4|1|8|10|2|TZ'ITE'
4|1|8|15|1|IXIM
4|1|8|16|1|TZ'ITE'
4|1|8|17|1|XMUKANE
4|1|8|17|2|XPIYAKOK
4|1|8|18|1|XPIYAKOK
4|1|8|18|2|TZ'ITE'
4|1|8|18|3|XPIYAKOK
4|1|8|19|1|XMUKANE
4|1|8|19|2|XMUKANE
4|1|8|20|1|XMUKANE
4|1|8|20|2|IXMUKANE
4|1|8|26|1|TZ'AQOL
4|1|8|26|2|B'ITOL
4|1|8|27|1|K'OOL
4|1|8|28|1|IXIM
4|1|8|28|2|TZ'ITE'
4|1|8|31|1|IXIM
4|1|8|31|2|TZ'ITE'
4|1|8|32|1|UK'U'X_KAJ
4|1|8|33|1|TEPEW_Q'UKUMATZ
4|2|8|1|1|UK'U'X_KAJ
4|2|8|12|1|TZ'AQOL
4|2|8|12|2|B'ITOL
4|2|9|19|1|UK'U'X_KAJ
4|2|9|22|1|TZ'ITE'
4|2|9|23|1|TZ'AQOL
4|2|9|23|2|B'ITOL
4|2|9|25|1|TZ'AQOL
4|2|9|25|2|B'ITOL
4|2|9|30|1|Q'OL
4|2|9|31|1|K'OTK'OWACH
4|2|9|32|1|KAMALOTZ'
4|2|9|34|1|KOTZB'ALAM
4|2|9|35|1|TUKUMB'ALAM
4|2|9|40|1|ALOM
4|2|9|41|1|K'AJOLOM
4|2|9|41|2|UK'U'X_KAJ
4|2|9|41|3|JUN_RAQAN
5|1|9|2|1|KA'
5|1|9|6|1|KA'
5|2|9|7|1|K'OY
5|2|9|10|1|TZ'AQOL
5|2|9|11|1|B'ITOL
5|2|9|11|2|K'OY
5|2|10|18|1|WUQUB'_KAQIX
5|2|10|42|1|WUQUB'_KAQIX
5|2|10|44|1|WUQUB'_KAQIX
6|1|10|5|1|WUQUB'_KAQIX
6|1|10|11|1|WUQUB'_KAQIX
6|1|10|13|1|TZ'AQOL
6|1|10|13|2|B'ITOL
6|1|11|15|1|WUQUB'_KAQIX
6|1|11|16|1|KA'IB'_K'AJOLAB'
6|1|11|17|1|JUNAJPU
6|1|11|17|2|XBALANKE
6|1|11|21|1|UK'U'X_KAJ
6|1|11|22|1|KA'IB'_K'AJOLAB'
6|1|11|34|1|KA'IB'_K'AJOLAB'
6|1|11|34|2|WUB
6|1|11|36|1|WUQUB'_KAQIX
6|1|11|37|1|SIPAKNA
6|1|11|38|1|KAB'RAQAN
6|1|11|39|1|CHIMALMAT
6|1|11|40|1|CHIMALMAT
6|1|11|40|2|CHIMALMAT
6|1|11|41|1|WUQUB'_KAQIX
6|1|11|41|2|SIPAKNA
6|1|11|42|1|CHAAJ
6|1|11|43|1|CHI_Q'AQ'
6|1|11|43|2|JUNAJPU_JUYUB'
6|1|11|44|1|PEK_UL_YA'
6|1|11|44|2|YA'XKANUL
6|1|11|44|3|MAKAMOB'
6|1|11|45|1|JULISNAB'
6|2|11|1|1|SIPAKNA
6|2|11|2|1|KAB'RAQAN
6|2|11|7|1|WUQUB'_KAQIX
6|2|11|8|1|WUQUB'_KAQIX
6|2|11|10|1|SIPAKNA
6|2|11|12|1|KAB'RAQAN
6|2|11|13|1|WUQUB'_KAQIX
6|2|11|16|1|KA'IB'_K'AJOLAB'
6|2|11|20|1|KA'IB'_K'AJOLAB'
6|2|12|21|1|WUB
6|2|12|21|2|WUQUB'_KAQIX
6|2|12|22|1|KA'IB'_K'AJOLAB'
6|2|12|26|1|WUQUB'_KAQIX
6|2|12|28|1|WUQUB'_KAQIX
6|2|12|32|1|JUNAJPU
6|2|12|32|2|XB'ALAMQ'E
6|2|12|34|1|WUQUB'_KAQIX
6|2|12|35|1|KA'IB'_K'AJOLAB'
6|2|12|37|1|KA'IB'_K'AJOLAB'
6|2|12|37|2|WUQUB'_KAQIX
6|2|12|40|1|JUNAJPU
6|2|12|41|1|WUB
6|2|12|43|1|CHIMALMAT
6|2|12|44|1|JUNAJPU
6|2|12|47|1|JUNAJPU
6|2|12|48|1|WUQUB'_KAQIX
7|1|12|3|1|JUNAJPU
7|1|12|4|1|WUQUB'_KAQIX
7|1|12|6|1|WUQUB'_KAQIX
7|1|12|8|1|JUNAJPU
7|1|12|8|2|WUQUB'_KAQIX
7|1|12|12|1|CHIMALMAT
7|1|12|13|1|WUQUB'_KAQIX
7|1|12|15|1|WUB
7|1|12|22|1|WUQUB'_KAQIX
7|1|12|23|1|JUNAJPU
7|1|12|24|1|JUNAJPU
7|1|12|25|1|XB'ALAMQ'E
7|1|12|26|1|SAQI_NIM_AQ_SIS
7|1|12|28|1|SAQI_NIM_AQ_SIS
7|1|12|28|2|SAQI_NIM_AQ_SIS
7|1|12|29|1|SAQI_NIM_AQ_SIS
7|1|12|31|1|SAQI_NIM_AQ_SIS
7|1|12|32|1|SAQI_NIM_AQ_SIS
7|1|12|33|1|KA'IB'_K'AJOLAB'
7|1|12|34|1|SAQI_NIM_AQ_SIS
7|1|12|36|1|WUQUB'_KAQIX
7|1|12|45|1|WUQUB'_KAQIX
7|1|12|46|1|KA'IB'_K'AJOLAB'
7|2|12|2|1|WUQUB'_KAQIX
7|2|12|3|1|SAQI_NIM_AQ_SIS
7|2|12|4|1|KA'IB'_K'AJOLAB'
7|2|12|6|1|WUQUB'_KAQIX
7|2|12|7|1|WUQUB'_KAQIX
7|2|12|8|1|WUQUB'_KAQIX
7|2|12|9|1|SAQI_NIM_AQ_SIS
7|2|12|11|1|SAQI_NIM_AQ_SIS
7|2|12|11|2|WUQUB'_KAQIX
7|2|12|12|1|WUQUB'_KAQIX
7|2|12|14|1|KA'IB'_K'AJOLAB'
7|2|12|15|1|WUQUB'_KAQIX
7|2|12|15|2|SAQI_NIM_AQ_SIS
7|2|12|18|1|WUQUB'_KAQIX
7|2|12|19|1|SAQI_NIM_AQ_SIS
7|2|12|20|1|WUQUB'_KAQIX
7|2|12|25|1|WUQUB'_KAQIX
7|2|12|34|1|WUB
7|2|12|34|2|KA'IB'_K'AJOLAB'
7|2|12|38|1|WUQUB'_KAQIX
7|2|12|41|1|WUQUB'_KAQIX
7|2|12|45|1|IXIM
8|1|12|1|1|WUQUB'_KAQIX
8|1|12|1|2|IXIM
8|1|12|3|1|IXIM
8|1|12|4|1|WUQUB'_KAQIX
8|1|12|7|1|WUQUB'_KAQIX
8|1|12|12|1|JUNAJPU
8|1|12|12|2|XB'ALAMQ'E
8|1|12|13|1|WUQUB'_KAQIX
8|1|12|14|1|JUNAJPU
8|1|12|15|1|CHIMALMAT
8|1|12|16|1|WUQUB'_KAQIX
8|1|12|17|1|WUQUB'_KAQIX
8|1|12|31|1|IXMUKANE
8|1|12|32|1|XPIYAKOK
8|1|12|35|1|WUQUB'_KAQIX
8|1|12|38|1|KA'IB'_K'AJOLAB'
8|1|12|39|1|UK'U'X_KAJ
8|1|13|40|1|SIPAKNA
8|1|13|41|1|WUQUB'_KAQIX
8|1|13|43|1|SIPAKNA
8|1|13|43|2|SIPAKNA
8|1|13|45|1|MOTZ
8|2|13|2|1|SIPAKNA
8|2|13|3|1|MOTZ
8|2|13|4|1|MOTZ
8|2|13|10|1|MOTZ
8|2|13|12|1|KA'IB'_K'AJOLAB'
8|2|13|17|1|MOTZ
8|2|13|29|1|MOTZ
8|2|13|31|1|SIPAKNA
8|2|13|45|1|MOTZ
9|1|13|1|1|SIPAKNA
9|1|13|5|1|SIPAKNA
9|1|13|14|1|SIPAKNA
9|1|13|19|1|MOTZ
9|1|13|35|1|MOTZ
9|1|13|39|1|MOTZ
9|1|13|42|1|SANIK
9|1|13|45|1|SIPAKNA
9|1|13|47|1|MOTZ
9|2|13|1|1|SANIK
9|2|13|5|1|SIPAKNA
9|2|13|5|2|MOTZ
9|2|13|7|1|SANIK
9|2|13|11|1|SIPAKNA
9|2|13|13|1|SANIK
9|2|13|14|1|MOTZ
9|2|13|17|1|MOTZ
9|2|13|18|1|MOTZ
9|2|13|21|1|SIPAKNA
9|2|13|24|1|MOTZ
9|2|13|26|1|SIPAKNA
9|2|13|26|2|WUQUB'_KAQIX
9|2|13|28|1|MOTZ
9|2|13|30|1|MOTZ
9|2|13|33|1|SIPAKNA
9|2|13|33|2|KA'IB'_K'AJOLAB'
9|2|13|34|1|JUNAJPU
9|2|13|34|2|XB'ALAMQ'E
9|2|14|37|1|SIPAKNA
9|2|14|38|1|KA'IB'_K'AJOLAB'
9|2|14|38|2|JUNAJPU
9|2|14|39|1|XB'ALAMQ'E
9|2|14|40|1|KA'IB'_K'AJOLAB'
9|2|14|40|2|MOTZ
9|2|14|42|1|SIPAKNA
9|2|14|42|2|KAR
9|2|14|42|3|TAP
10|1|14|3|1|JUNAJPU
10|1|14|3|2|XB'ALAMQ'E
10|1|14|4|1|MAK_EK'
10|1|14|5|1|MAK_EK'
10|1|14|6|1|TAP
10|1|14|9|1|TAP
10|1|14|11|1|ME'AWAN
10|1|14|13|1|KA'IB'_K'AJOLAB'
10|1|14|14|1|SIPAKNA
10|1|14|15|1|SIPAKNA
10|1|14|16|1|SIPAKNA
10|1|14|18|1|KA'IB'_K'AJOLAB'
10|1|14|18|2|SIPAKNA
10|1|14|20|1|KAR
10|1|14|20|2|TAP
10|1|14|23|1|SIPAKNA
10|1|14|24|1|JUNAJPU
10|1|14|24|2|XB'ALAMQ'E
10|1|14|25|1|TAP
10|1|14|31|1|JUNAJPU
10|1|14|31|2|XB'ALAMQ'E
10|1|14|33|1|KA'IB'_K'AJOLAB'
10|1|14|34|1|SIPAKNA
10|1|14|40|1|JUNAJPU
10|1|14|40|2|XB'ALAMQ'E
10|1|14|42|1|KA'IB'_K'AJOLAB'
10|1|14|44|1|TZ'IKIN
10|1|14|44|2|WUB
10|1|14|46|1|SIPAKNA
10|1|14|47|1|KA'IB'_K'AJOLAB'
10|2|14|10|1|SIPAKNA
10|2|14|11|1|SIPAKNA
10|2|14|13|1|TAP
10|2|14|16|1|SIPAKNA
10|2|14|16|2|KAR
10|2|14|33|1|SIPAKNA
10|2|14|34|1|SIPAKNA
10|2|14|34|2|KA'IB'_K'AJOLAB'
10|2|14|35|1|JUNAJPU
10|2|14|35|2|XB'ALAMQ'E
10|2|14|37|1|SIPAKNA
10|2|14|37|2|WUQUB'_KAQIX
10|2|14|38|1|ME'AWAN
10|2|14|40|1|KAB'RAQAN
10|2|15|43|1|WUQUB'_KAQIX
10|2|15|43|2|KAB'RAQAN
10|2|15|45|1|JUNAJPU
10|2|15|45|2|IXB'ALAMQ'E
10|2|15|46|1|KAB'RAQAN
11|1|15|1|1|JUN_RAQAN
11|1|15|1|2|CH'IPI_KAQULJA
11|1|15|1|3|RAXA_KAQULJA
11|1|15|3|1|JUNAJPU
11|1|15|3|2|IXB'ALAMQ'E
11|1|15|3|3|KAB'RAQAN
11|1|15|4|1|WUQUB'_KAQIX
11|1|15|10|1|JUN_RAQAN
11|1|15|11|1|KA'IB'_K'AJOLAB'
11|1|15|12|1|JUN_RAQAN
11|1|15|14|1|UK'U'X_KAJ
11|1|15|15|1|KA'IB'_K'AJOLAB'
11|1|15|16|1|JUN_RAQAN
11|1|15|17|1|KAB'RAQAN
11|1|15|21|1|KA'IB'_K'AJOLAB'
11|1|15|22|1|KAB'RAQAN
11|1|15|23|1|KAB'RAQAN
11|1|15|27|1|KAB'RAQAN
11|1|15|27|2|JUNAJPU
11|1|15|28|1|XB'ALAMQ'E
11|1|15|30|1|KAB'RAQAN
11|1|15|31|1|WUB
11|1|15|40|1|TZ'IKIN
11|1|15|41|1|KAB'RAQAN
11|1|15|43|1|JUNAJPU
11|1|15|43|2|XB'ALAMQ'E
11|1|15|44|1|KAB'RAQAN
11|2|15|1|1|JUNAJPU
11|2|15|2|1|XB'ALAMQ'E
11|2|15|3|1|KA'IB'_K'AJOLAB'
11|2|15|7|1|WUB
11|2|15|7|2|TZ'IKIN
11|2|15|8|1|WUB
11|2|15|9|1|WUB
11|2|15|10|1|WUB
11|2|15|11|1|B'AQ
11|2|15|11|2|WUB
11|2|15|12|1|TZ'IKIN
11|2|15|13|1|WUB
11|2|15|13|2|KAB'RAQAN
11|2|15|14|1|B'AQ
11|2|15|14|2|KA'IB'_K'AJOLAB'
11|2|15|15|1|TZ'IKIN
11|2|15|16|1|TZ'IKIN
11|2|15|19|1|TZ'IKIN
11|2|15|21|1|TZ'IKIN
11|2|15|24|1|TZ'AQOL
11|2|15|24|2|B'ITOL
11|2|15|25|1|KA'IB'_K'AJOLAB'
11|2|15|28|1|KAB'RAQAN
11|2|15|29|1|JUNAJPU
11|2|15|30|1|XB'ALAMQ'E
11|2|15|30|2|TZ'IKIN
11|2|15|32|1|TZ'IKIN
11|2|15|34|1|KAB'RAQAN
11|2|15|38|1|TZ'IKIN
11|2|15|41|1|TZ'IKIN
11|2|15|42|1|KAB'RAQAN
11|2|15|43|1|TZ'IKIN
11|2|15|46|1|KAB'RAQAN
12|1|15|1|1|TZ'IKIN
12|1|15|5|1|KA'IB'_K'AJOLAB'
12|1|15|6|1|KA'IB'_K'AJOLAB'
12|1|15|10|1|KAB'RAQAN
12|1|15|11|1|JUNAJPU
12|1|15|11|2|XB'ALAMQ'E
12|1|15|14|1|JUNAJPU
12|1|15|14|2|XB'ALAMQ'E
12|1|15|16|1|WUQUB'_KAQIX
12|1|15|17|1|SIPAKNA
12|1|15|17|2|KAB'RAQAN
12|1|16|20|1|JUNAJPU
12|1|16|20|2|XB'ALAMQ'E
12|1|16|23|1|JUNAJPU
12|1|16|23|2|XB'ALAMQ'E
12|1|16|25|1|JUN_JUNAJPU
12|1|17|27|1|JUN_JUNAJPU
12|1|17|28|1|XPIYAKOK
12|1|17|28|2|IXMUKANE
12|1|17|30|1|JUN_JUNAJPU
12|1|17|30|2|WUQUB'_JUNAJPU
12|1|17|31|1|XPIYAKOK
12|1|17|31|2|IXMUKANE
12|1|17|32|1|JUN_JUNAJPU
12|1|17|32|2|KA'IB'_K'AJOLAB'
12|1|17|33|1|KA'IB'_K'AJOLAB'
12|1|17|34|1|JUN_B'ATZ
12|1|17|34|2|JUN_CHOWEN
12|1|17|36|1|IXB'AQIYALO
12|1|17|37|1|IXB'AQIYALO
12|1|17|37|2|JUN_JUNAJPU
12|1|17|38|1|WUQUB'_JUNAJPU
12|1|17|45|1|JUN_B'ATZ
12|1|17|45|2|JUN_CHOWEN
12|1|17|46|1|JUN_JUNAJPU
12|1|17|46|2|SU'
12|2|17|2|1|JUN_B'ATZ
12|2|17|2|2|JUN_CHOWEN
12|2|17|3|1|JUN_JUNAJPU
12|2|17|3|2|WUQUB'_JUNAJPU
12|2|17|4|1|CHAAJ
12|2|17|7|1|JOM
12|2|17|8|1|WOK
12|2|17|8|2|JUN_RAQAN
12|2|17|9|1|CH'IPI_KAQULJA
12|2|17|9|2|RAXA_KAQULJA
12|2|17|10|1|WOK
12|2|17|11|1|XIB'ALB'A
12|2|17|13|1|JUN_RAQAN
12|2|17|15|1|IXB'AQIYALO
12|2|17|15|2|JUN_B'ATZ
12|2|17|15|3|JUN_CHOWEN
12|2|17|16|1|XIB'ALB'A
12|2|17|17|1|CHAAJ
12|2|17|17|2|JUN_KAME'
12|2|17|18|1|WUQUB'_KAME'
12|2|17|18|2|RAJAWAL_XIB'ALB'A
12|2|17|22|1|CHAAJ
12|2|17|26|1|RAJAWAL_XIB'ALB'A
12|2|17|27|1|RAJAWAL_XIB'ALB'A
12|2|17|28|1|JUN_KAME'
12|2|17|28|2|WUQUB'_KAME'
12|2|17|29|1|RAJAWAL_XIB'ALB'A
12|2|17|31|1|RAJAWAL_XIB'ALB'A
12|2|17|32|1|JUN_KAME'
12|2|17|32|2|WUQUB'_KAME'
12|2|17|33|1|XIKIRIPAT
12|2|17|33|2|KUCHUMA_KIK'
12|2|17|35|1|AJAL_PUJ
12|2|17|36|1|AJAL_Q'ANA
12|2|17|36|2|RAJAWAL_XIB'ALB'A
12|2|17|39|1|CHUQ'ANAL
12|2|17|41|1|AJAL_PUJ
12|2|17|41|2|AJAL_Q'ANA
12|2|17|42|1|CH'AMIYA_BAQ
12|2|17|42|2|CH'AMIYA_JOLOM
12|2|17|43|1|XIB'ALB'A
12|2|17|47|1|CH'AMIYA_BAQ
13|1|17|1|1|CH'AMIYA_JOLOM
13|1|17|2|1|AJAL_MES
13|1|17|2|2|AJAL_TOQ'OB
13|1|17|3|1|PATAN
13|1|17|8|1|AJAL_MES
13|1|17|8|2|AJAL_TOQ'OB
13|1|17|10|1|AJAW_XIK
13|1|17|10|2|PATAN
13|1|17|14|1|PATAN
13|1|17|18|1|AJAW_XIK
13|1|17|18|2|PATAN
13|1|17|21|1|JUN_JUNAJPU
13|1|17|21|2|WUQUB'_JUNAJPU
13|1|17|22|1|XIB'ALB'A
13|1|17|23|1|JUN_JUNAJPU
13|1|17|24|1|WUQUB'_JUNAJPU
13|1|17|24|2|TZ'UM
13|1|17|25|1|B'ATE
13|1|17|25|2|PACH_Q'AB'
13|1|17|25|3|YACHWACH
13|1|17|26|1|WACH_SOT
13|1|17|26|2|WUB
13|1|17|27|1|JUN_JUNAJPU
13|1|17|27|2|WUQUB'_JUNAJPU
13|1|17|29|1|XIB'ALB'A
13|1|17|30|1|JUN_B'ATZ
13|1|17|30|2|JUN_CHOWEN
13|1|17|31|1|JUN_JUNAJPU
13|1|17|33|1|JUN_B'ATZ
13|1|17|33|2|JUN_CHOWEN
13|1|17|34|1|JUNAJPU
13|1|17|34|2|XB'ALAMQ'E
13|1|18|36|1|USAMAJEL_XIB'ALB'A
13|1|18|37|1|JUN_KAME'
13|1|18|37|2|WUQUB'_KAME'
13|1|18|38|1|RAJPOP
13|1|18|39|1|JUN_JUNAJPU
13|1|18|39|2|WUQUB'_JUNAJPU
13|1|18|41|1|RAJAWAL_XIB'ALB'A
13|1|18|42|1|CHAAJ
13|1|18|45|1|RAJAWAL_XIB'ALB'A
13|1|18|47|1|B'ATE
13|1|18|47|2|PACHQ'AB'
13|2|18|1|1|KIK'
13|2|18|2|1|RAJAWAL_XIB'ALB'A
13|2|18|3|1|USAMAJEL_XIB'ALB'A
13|2|18|4|1|USAMAJEL_XIB'ALB'A
13|2|18|4|2|TUKUR
13|2|18|4|3|CH'ABI'_TUKUR
13|2|18|5|1|JURAQAN_TUKUR
13|2|18|5|2|KAQIX_TUKUR
13|2|18|5|3|JOLOM_TUKUR
13|2|18|6|1|USAMAJEL_XIB'ALB'A
13|2|18|7|1|CH'ABI'_TUKUR
13|2|18|8|1|JURAQAN_TUKUR
13|2|18|9|1|JUN_RAQAN
13|2|18|10|1|KAQIX_TUKUR
13|2|18|12|1|JOLOM_TUKUR
13|2|18|14|1|USAMAJEL_XIB'ALB'A
13|2|18|14|2|RAJPOP
13|2|18|16|1|XIB'ALB'A
13|2|18|17|1|JOM
13|2|18|17|2|CHAAJ
13|2|18|18|1|JUN_JUNAJPU
13|2|18|18|2|WUQUB'_JUNAJPU
13|2|18|19|1|JOM
13|2|18|19|2|NIM_XOB'_KARCHAJ
13|2|18|20|1|TUKUR
13|2|18|21|1|JOM
13|2|18|22|1|JUN_KAME'
13|2|18|22|2|WUQUB'_KAME'
13|2|18|23|1|AJAL_PUJ
13|2|18|23|2|AJAL_Q'ANA
13|2|18|24|1|CH'AMIYA_BAQ
13|2|18|24|2|CH'AMIYA_JOLOM
13|2|18|24|3|XIKIRI_PAT
13|2|18|25|1|KUCHUMA_KIK'
13|2|18|25|2|AJAL_MES
13|2|18|26|1|AJAL_TOQ'OB
13|2|18|26|2|AJAW_XIK
13|2|18|26|3|PATAN
13|2|18|27|1|RAJAWAL_XIB'ALB'A
13|2|18|28|1|TUKUR
13|2|18|29|1|JUN_KAME'
13|2|18|29|2|WUQUB'_KAME'
13|2|18|32|1|RAJAWAL_XIB'ALB'A
13|2|18|34|1|IXKIK'
13|2|18|36|1|IXKIK'
13|2|18|37|1|JUN_JUNAJPU
13|2|18|37|2|IXKIK'
13|2|18|38|1|USAMAJEL_XIB'ALB'A
13|2|18|41|1|KIK'
13|2|18|44|1|SU'
14|1|18|1|1|IXMUKANE
14|1|18|1|2|JUN_B'ATZ
14|1|18|2|1|JUN_CHOWEN
14|1|18|3|1|IXKIK'
14|1|18|3|2|IXMUKANE
14|1|18|5|1|JUN_JUNAJPU
14|1|18|6|1|WUQUB'_JUNAJPU
14|1|19|7|1|JUN_JUNAJPU
14|1|19|8|1|WUQUB'_JUNAJPU
14|1|19|9|1|USAMAJEL_XIB'ALB'A
14|1|19|10|1|XIB'ALB'A
14|1|19|13|1|NU'_SIWAN
14|1|19|13|2|K'ULKU_SIWAN
14|1|19|15|1|JA'_SIMAJ
14|1|19|18|1|KIK'_YA'
14|1|19|19|1|PUJ_CHI_JA'
14|1|19|24|1|KAQA_B'E
14|1|19|24|2|Q'EQA_B'E
14|1|19|25|1|SAQI_B'E
14|1|19|25|2|Q'ANA_B'E
14|1|19|27|1|Q'EQA_B'E
14|1|19|28|1|RAJAWAL_XIB'ALB'A
14|1|19|30|1|Q'EQA_B'E
14|1|19|30|2|XIB'ALB'A
14|1|19|31|1|RAJAWAL_XIB'ALB'A
14|1|19|34|1|XIB'ALB'A
14|1|19|36|1|JUN_KAME'
14|1|19|37|1|WUQUB'_KAME'
14|1|19|40|1|RAJAWAL_XIB'ALB'A
14|1|19|41|1|RAJAWAL_XIB'ALB'A
14|1|19|43|1|JUN_JUNAJPU
14|1|19|44|1|WUQUB'_JUNAJPU
14|1|19|45|1|JUN_KAME'
14|1|19|46|1|WUQUB'_KAME'
14|2|19|1|1|B'ATE
14|2|19|1|2|PACHQ'AB'
14|2|19|9|1|XIB'ALB'A
14|2|19|13|1|RAJAWAL_XIB'ALB'A
14|2|19|16|1|Q'EQUMA_JA
14|2|19|18|1|XIB'ALB'A
14|2|19|21|1|CHAAJ
14|2|19|22|1|XIB'ALB'A
14|2|19|23|1|CHAAJ
14|2|19|24|1|CHAAJ
14|2|19|25|1|CHAAJ
14|2|19|25|2|XIB'ALB'A
14|2|19|26|1|CHAAJ
14|2|19|27|1|CHAAJ
14|2|19|27|2|XIB'ALB'A
14|2|19|28|1|JUN_JUNAJPU
14|2|19|28|2|WUQUB'_JUNAJPU
14|2|19|29|1|Q'EQUMA_JA
14|2|19|31|1|JOM
14|2|19|32|1|JUN_KAME'
14|2|19|32|2|WUQUB'_KAME'
14|2|19|34|1|RAJAWAL_XIB'ALB'A
14|2|19|35|1|JUN_JUNAJPU
14|2|19|35|2|WUQUB'_JUNAJPU
14|2|19|43|1|RAJAWAL_XIB'ALB'A
14|2|19|46|1|XIB'ALB'A
15|1|19|1|1|Q'EQUMA_JA
15|1|19|2|1|XUXULIM_JA
15|1|19|5|1|B'ALAM_JA
15|1|19|6|1|B'ALAM
15|1|19|9|1|B'ALAM
15|1|19|9|2|B'ALAM_JA
15|1|19|9|3|SOTZ'I_JA
15|1|19|10|1|SOTZ
15|1|19|12|1|SOTZ'I_JA
15|1|19|12|2|SOTZ
15|1|19|13|1|CHAYIM_JA
15|1|19|17|1|TIJOB'AL_JA
15|1|19|17|2|XIB'ALB'A
15|1|19|18|1|JUN_JUNAJPU
15|1|19|18|2|WUQUB'_JUNAJPU
15|1|19|20|1|TIJOB'AL_JA
15|1|19|21|1|JUN_JUNAJPU
15|1|19|22|1|WUQUB'_JUNAJPU
15|1|19|23|1|JUN_KAME'
15|1|19|23|2|WUQUB'_KAME'
15|1|19|26|1|JUN_KAME'_WUQUB'_KAME'
15|1|19|30|1|JUN_KAME'
15|1|19|30|2|WUQUB'_KAME'
15|1|19|32|1|PUSB'AL_CHAAJ
15|1|19|33|1|JUN_JUNAJPU
15|1|19|35|1|JUN_JUNAJPU
15|1|19|36|1|JUN_KAME'
15|1|19|36|2|WUQUB'_KAME'
15|1|19|37|1|JUN_JUNAJPU
15|1|19|40|1|JUN_JUNAJPU
15|1|19|41|1|TZIMA
15|1|19|42|1|JUN_JUNAJPU
15|1|19|44|1|JUN_KAME'
15|1|19|44|2|WUQUB'_KAME'
15|1|19|47|1|JUN_JUNAJPU
15|2|19|1|1|TZIMA
15|2|19|2|1|RAJAWAL_XIB'ALB'A
15|2|19|5|1|JUN_JUNAJPU
15|2|19|5|2|XIB'ALB'A
15|2|19|9|1|RAJAWAL_XIB'ALB'A
15|2|19|11|1|JUN_JUNAJPU
15|2|19|12|1|TZIMA
15|2|19|14|1|IXKIK'
15|2|20|16|1|IXKIK'
15|2|20|17|1|KUCHUMA_KIK'
15|2|21|19|1|IXKIK'
15|2|21|20|1|KUCHUMA_KIK'
15|2|21|21|1|IXKIK'
15|2|21|21|2|IXKIK'
15|2|21|28|1|PUSB'AL_CHAAJ
15|2|21|33|1|IXKIK'
15|2|21|34|1|JUN_JUNAJPU
15|2|21|35|1|JUN_JUNAJPU
15|2|21|37|1|JUN_JUNAJPU
15|2|21|38|1|IXKIK'
15|2|21|40|1|IXKIK'
15|2|21|42|1|JUN_JUNAJPU
15|2|21|42|2|IXKIK'
15|2|21|44|1|JUN_JUNAJPU
15|2|21|45|1|JUN_JUNAJPU
15|2|21|46|1|IXKIK'
16|1|21|1|1|JUN_JUNAJPU
16|1|21|2|1|JUN_JUNAJPU
16|1|21|4|1|JUN_JUNAJPU
16|1|21|5|1|JUN_JUNAJPU
16|1|21|5|2|JUN_JUNAJPU
16|1|21|9|1|KA'IB'_K'AJOLAB'
16|1|21|10|1|KA'IB'_K'AJOLAB'
16|1|21|11|1|KA'IB'_K'AJOLAB'
16|1|21|11|2|KA'IB'_K'AJOLAB'
16|1|21|13|1|JUN_JUNAJPU
16|1|21|14|1|JUN_JUNAJPU
16|1|21|15|1|KA'IB'_K'AJOLAB'
16|1|21|20|1|JUN_JUNAJPU
16|1|21|20|2|WUQUB'_JUNAJPU
16|1|21|22|1|JUN_RAQAN
16|1|21|22|2|CH'IPI_KAQULJA
16|1|21|23|1|RAXA_KAQULJA
16|1|21|24|1|IXKIK'
16|1|21|28|1|JUNAJPU
16|1|21|29|1|XB'ALAMQ'E
16|1|21|30|1|IXKIK'
16|1|21|32|1|KUCHUMA_KIK'
16|1|21|32|2|KUCHUMA_KIK'
16|1|21|32|3|KUCHUMA_KIK'
16|1|22|34|1|IXKIK'
16|1|22|35|1|KUCHUMA_KIK'
16|1|22|36|1|IXKIK'
16|1|22|36|2|RAJAWAL_XIB'ALB'A
16|1|22|37|1|JUN_KAME'
16|1|22|37|2|WUQUB'_KAME'
16|1|22|38|1|KUCHUMA_KIK'
16|1|22|39|1|RAJAWAL_XIB'ALB'A
16|1|22|40|1|KUCHUMA_KIK'
16|1|22|41|1|RAJAWAL_XIB'ALB'A
16|1|22|44|1|RAJAWAL_XIB'ALB'A
16|1|22|45|1|IXKIK'
16|1|22|47|1|IXKIK'
16|2|22|1|1|KUCHUMA_KIK'
16|2|22|4|1|RAJPOP
16|2|22|6|1|RAJAWAL_XIB'ALB'A
16|2|22|7|1|TUKUR
16|2|22|9|1|IXKIK'
16|2|22|11|1|USAMAJEL_XIB'ALB'A
16|2|22|14|1|JUN_JUNAJPU
16|2|22|15|1|PUSB'AL_CHAAJ
16|2|22|16|1|USAMAJEL_XIB'ALB'A
16|2|22|16|2|IXKIK'
16|2|22|19|1|KUCHUMA_KIK'
16|2|22|20|1|RAJAWAL_XIB'ALB'A
16|2|22|27|1|USAMAJEL_XIB'ALB'A
16|2|22|31|1|IXKIK'
16|2|22|32|1|JUN_KAME'
16|2|22|32|2|WUQUB'_KAME'
16|2|22|33|1|KIK'
16|2|22|37|1|IXKIK'
16|2|22|41|1|KIK'
16|2|22|42|1|KIK'
16|2|22|43|1|KIK'
16|2|22|44|1|KIK'
16|2|22|47|1|IXKIK'
17|1|22|1|1|KIK'
17|1|22|1|2|KIK'
17|1|22|4|1|TUKUR
17|1|22|5|1|IXKIK'
17|1|22|8|1|RAJAWAL_XIB'ALB'A
17|1|22|8|2|USAMAJEL_XIB'ALB'A
17|1|22|10|1|RAJAWAL_XIB'ALB'A
17|1|22|10|2|RAJAWAL_XIB'ALB'A
17|1|22|11|1|JUN_KAME'
17|1|22|12|1|RAJAWAL_XIB'ALB'A
17|1|22|14|1|JUN_KAME'
17|1|22|16|1|KIK'
17|1|22|18|1|JUN_KAME'
17|1|22|19|1|XIB'ALB'A
17|1|22|20|1|RAJAWAL_XIB'ALB'A
17|1|22|22|1|KIK'
17|1|22|23|1|TUKUR
17|1|22|24|1|IXKIK'
17|1|22|27|1|RAJAWAL_XIB'ALB'A
17|1|22|28|1|IXKIK'
17|1|22|29|1|RAJAWAL_XIB'ALB'A
17|1|23|30|1|IXMUKANE
17|1|23|30|2|JUN_B'ATZ
17|1|23|31|1|JUN_CHOWEN
17|1|23|31|2|IXKIK'
17|1|23|32|1|IXKIK'
17|1|23|32|2|IXKIK'
17|1|23|33|1|IXMUKANE
17|1|23|33|2|JUN_B'ATZ
17|1|23|33|3|JUN_CHOWEN
17|1|23|35|1|JUNAJPU
17|1|23|36|1|XB'ALAMQ'E
17|1|23|36|2|IXKIK'
17|1|23|37|1|IXMUKANE
17|1|23|37|2|IXKIK'
17|1|23|38|1|IXMUKANE
17|1|23|38|2|IXMUKANE
17|1|23|38|3|IXKIK'
17|1|23|39|1|IXKIK'
17|1|23|39|2|IXMUKANE
17|1|23|40|1|IXMUKANE
17|1|23|42|1|XIB'ALB'A
17|1|23|42|2|JUN_B'ATZ'_JUN_CHOWEN
17|1|23|43|1|JUN_B'ATZ
17|1|23|44|1|JUN_CHOWEN
17|1|23|45|1|IXKIK'
17|1|23|46|1|IXMUKANE
17|1|23|47|1|IXKIK'
17|2|23|1|1|JUN_JUNAJPU
17|2|23|2|1|JUN_JUNAJPU
17|2|23|3|1|WUQUB'_JUNAJPU
17|2|23|4|1|IXMUKANE
17|2|23|6|1|IXMUKANE
17|2|23|7|1|JUN_B'ATZ
17|2|23|7|2|JUN_CHOWEN
17|2|23|7|3|SU'
17|2|23|10|1|IXMUKANE
17|2|23|11|1|IXMUKANE
17|2|23|11|2|IXKIK'
17|2|23|14|1|IXMUKANE
17|2|23|15|1|IXKIK'
17|2|23|18|1|IXKIK'
17|2|23|19|1|IXKIK'
17|2|23|21|1|AB'IX
17|2|23|21|2|AB'IX
17|2|23|21|3|JUN_B'ATZ
17|2|23|21|4|JUN_CHOWEN
17|2|23|23|1|IXKIK'
17|2|23|24|1|AB'IX
17|2|23|24|2|AB'IX
17|2|23|27|1|IXKIK'
17|2|23|30|1|CHAJAL_ECHA'
17|2|23|32|1|IXTOJ
17|2|23|32|2|IXQ'ANIL
17|2|23|32|3|IXKAKAW
17|2|23|32|4|IXTZIYA'
17|2|23|32|5|CHAJAL_ECHA'
17|2|23|33|1|JUN_B'ATZ
17|2|23|33|2|JUN_CHOWEN
17|2|23|34|1|IXKIK'
17|2|23|35|1|TZAMIY
17|2|23|35|2|TZAMIY
17|2|23|35|3|JAL
17|2|23|37|1|JAL
17|2|23|37|2|JAL
17|2|23|39|1|IXKIK'
17|2|23|42|1|IXMUKANE
17|2|23|43|1|IXMUKANE
17|2|23|46|1|AB'IX
17|2|23|47|1|IXMUKANE
18|1|23|1|1|AB'IX
18|1|23|2|1|AB'IX
18|1|23|4|1|IXMUKANE
18|1|23|5|1|IXKIK'
18|1|23|6|1|IXKIK'
18|1|23|8|1|IXKIK'
18|1|24|10|1|JUNAJPU
18|1|24|10|2|XB'ALAMQ'E
18|1|25|13|1|IXKIK'
18|1|25|13|2|IXKIK'
18|1|25|14|1|IXMUKANE
18|1|25|15|1|KA'IB'_K'AJOLAB'
18|1|25|16|1|JUNAJPU
18|1|25|16|2|XB'ALAMQ'E
18|1|25|19|1|IXMUKANE
18|1|25|20|1|SANIK
18|1|25|22|1|JUN_B'ATZ
18|1|25|23|1|JUN_CHOWEN
18|1|25|24|1|SANIK
18|1|25|26|1|JUN_B'ATZ
18|1|25|26|2|JUN_CHOWEN
18|1|25|28|1|KA'IB'_K'AJOLAB'
18|1|25|30|1|SU'
18|1|25|30|2|JUN_B'ATZ
18|1|25|31|1|JUN_CHOWEN
18|1|25|34|1|SU'
18|1|25|38|1|JUN_JUNAJPU
18|1|25|38|2|JUN_JUNAJPU
18|1|25|39|1|XIB'ALB'A
18|1|25|39|2|JUN_JUNAJPU
18|1|25|40|1|JUN_B'ATZ
18|1|25|41|1|JUN_CHOWEN
18|1|25|43|1|KA'IB'_K'AJOLAB'
18|1|25|47|1|JUNAJPU
18|1|25|47|2|XB'ALAMQ'E
18|2|25|1|1|WUB
18|2|25|2|1|IXMUKANE
18|2|25|3|1|JUN_B'ATZ
18|2|25|3|2|JUN_CHOWEN
18|2|25|4|1|WA
18|2|25|4|2|WA
18|2|25|5|1|JUN_B'ATZ
18|2|25|5|2|JUN_CHOWEN
18|2|25|9|1|TZ'IKIN
18|2|25|11|1|JUN_B'ATZ
18|2|25|11|2|JUN_CHOWEN
18|2|25|13|1|JUNAJPU
18|2|25|13|2|XB'ALAMQ'E
18|2|25|14|1|SU'
18|2|25|14|2|JUN_B'ATZ
18|2|25|15|1|JUN_CHOWEN
18|2|25|16|1|JUNAJPU
18|2|25|16|2|XB'ALAMQ'E
18|2|25|17|1|TZ'IKIN
18|2|25|18|1|IXMUKANE
18|2|25|19|1|TZ'IKIN
18|2|25|20|1|JUNAJPU
18|2|25|20|2|XB'ALAMQ'E
18|2|25|21|1|IXMUKANE
18|2|25|22|1|TZ'IKIN
18|2|25|24|1|IXMUKANE
18|2|25|25|1|JUN_B'ATZ'_JUN_CHOWEN
18|2|25|26|1|TZ'IKIN
18|2|25|28|1|JUN_B'ATZ'_JUN_CHOWEN
18|2|25|30|1|JUN_B'ATZ
18|2|25|30|2|JUN_CHOWEN
18|2|25|40|1|JUN_B'ATZ'_JUN_CHOWEN
18|2|25|41|1|WUB
18|2|25|42|1|TZ'IKIN
18|2|25|43|1|JUN_B'ATZ'_JUN_CHOWEN
18|2|25|43|2|TZ'IKIN
18|2|25|44|1|TZ'IKIN
18|2|25|45|1|TZ'IKIN
18|2|25|47|1|JUN_B'ATZ'_JUN_CHOWEN
19|1|25|5|1|JUN_B'ATZ
19|1|25|5|2|JUN_CHOWEN
19|1|25|7|1|KA'IB'_K'AJOLAB'
19|1|25|9|1|KA'IB'_K'AJOLAB'
19|1|25|10|1|JUNAJPU
19|1|25|10|2|XB'ALAMQ'E
19|1|25|14|1|KA'IB'_K'AJOLAB'
19|1|25|17|1|K'OY
19|1|25|22|1|JUN_B'ATZ
19|1|25|22|2|JUN_CHOWEN
19|1|25|23|1|JUNAJPU
19|1|25|23|2|XB'ALAMQ'E
19|1|25|26|1|IXMUKANE
19|1|25|27|1|IXKIK'
19|1|25|27|2|IXMUKANE
19|1|25|28|1|JUN_B'ATZ'_JUN_CHOWEN
19|1|25|31|1|JUN_B'ATZ'_JUN_CHOWEN
19|1|25|33|1|JUN_B'ATZ'_JUN_CHOWEN
19|1|25|33|2|KA'IB'_K'AJOLAB'
19|1|25|34|1|IXMUKANE
19|1|25|34|2|JUNAJPU
19|1|25|34|3|XB'ALAMQ'E
19|1|25|35|1|IXMUKANE
19|1|25|36|1|IXMUKANE
19|1|25|37|1|JUN_B'ATZ'_JUN_CHOWEN
19|1|25|38|1|IXMUKANE
19|1|25|41|1|SU'
19|1|25|41|2|JUNAJPU_K'OY
19|1|25|42|1|SU'
19|1|26|43|1|SU'
19|1|26|44|1|Q'OJOM
19|1|26|44|2|SU'
19|1|26|45|1|Q'OJOM
19|1|26|45|2|IXMUKANE
19|1|26|46|1|SU'
19|1|26|47|1|SU'
19|1|26|47|2|JUNAJPU_K'OY
19|2|26|1|1|SU'
19|2|26|2|1|JUN_B'ATZ
19|2|26|2|2|JUN_CHOWEN
19|2|26|4|1|IXMUKANE
19|2|26|4|2|IXMUKANE
19|2|26|5|1|IXMUKANE
19|2|26|8|1|IXMUKANE
19|2|26|10|1|SU'
19|2|26|12|1|JUNAJPU
19|2|26|12|2|XB'ALAMQ'E
19|2|26|13|1|SU'
19|2|26|17|1|IXMUKANE
19|2|26|18|1|IXMUKANE
19|2|26|19|1|K'OY
19|2|26|22|1|IXMUKANE
19|2|26|24|1|IXMUKANE
19|2|26|26|1|JUNAJPU
19|2|26|26|2|XB'ALAMQ'E
19|2|26|26|3|SU'
19|2|26|28|1|IXMUKANE
19|2|26|33|1|IXMUKANE
19|2|26|34|1|IXMUKANE
19|2|26|36|1|IXMUKANE
19|2|26|38|1|SU'
19|2|26|41|1|IXMUKANE
19|2|26|41|2|IXMUKANE
19|2|26|44|1|KA'IB'_K'AJOLAB'
19|2|26|44|2|IXKIK'
19|2|26|45|1|IXMUKANE
19|2|26|45|2|JUN_B'ATZ'_JUN_CHOWEN
19|2|26|47|1|JUN_B'ATZ
19|2|26|47|2|JUN_CHOWEN
20|1|26|1|1|JUNAJPU
20|1|26|1|2|XB'ALAMQ'E
20|1|26|2|1|SU'
20|1|26|5|1|K'OY
20|1|26|6|1|KA'IB'_K'AJOLAB'
20|1|26|9|1|JUN_B'ATZ
20|1|26|9|2|JUN_CHOWEN
20|1|26|11|1|SU'
20|1|26|13|1|IXMUKANE
20|1|26|13|2|IXB'AQIYALO
20|1|27|15|1|IXMUKANE
20|1|27|16|1|IXB'AQIYALO
20|1|27|17|1|AB'IX
20|1|27|17|2|AB'IX
20|1|27|17|3|IXMUKANE
20|1|27|17|4|IXB'AQIYALO
20|1|27|19|1|KA'IB'_K'AJOLAB'
20|1|27|19|2|KA'IB'_K'AJOLAB'
20|1|27|19|3|JUN_BATZ'_JUN_CHOWEN
20|1|27|20|1|JUNAJPU
20|1|27|20|2|XB'ALAMQ'E
20|1|27|21|1|IKAJ
20|1|27|21|2|MIXKINA
20|1|27|23|1|WUB
20|1|27|24|1|IXMUKANE
20|1|27|25|1|WA
20|1|27|26|1|WA
20|1|27|26|2|IXMUKANE
20|1|27|27|1|KA'IB'_K'AJOLAB'
20|1|27|27|2|IXMUKANE
20|1|27|28|1|AB'IX
20|1|27|29|1|MIXKINA
20|1|27|30|1|MIXKINA
20|1|27|31|1|MIXKINA
20|1|27|32|1|IKAJ
20|1|27|37|1|IKAJ
20|1|27|38|1|MIXKINA
20|1|27|40|1|MIXKINA
20|1|27|43|1|XMUKUR
20|1|27|45|1|JUNAJPU
20|1|27|45|2|XB'ALAMQ'E
20|1|27|46|1|IXMUKANE
20|1|27|46|2|WA
20|2|27|1|1|MIXKINA
20|2|27|1|2|IKAJ
20|2|27|2|1|XMUKUR
20|2|27|3|1|WUB
20|2|27|4|1|AB'IX
20|2|27|5|1|XMUKUR
20|2|27|6|1|MIXKINA
20|2|27|7|1|IKAJ
20|2|27|10|1|AB'IX
20|2|27|14|1|IXMUKANE
20|2|27|14|2|WA
20|2|27|15|1|AB'IX
20|2|27|16|1|WA
20|2|27|18|1|IXMUKANE
20|2|27|20|1|IXMUKANE
20|2|27|22|1|AB'IX
20|2|27|28|1|KOJ
20|2|27|28|2|B'ALAM
20|2|27|28|3|KEJ
20|2|27|28|4|UMUL
20|2|27|28|5|YAK
20|2|27|28|6|UTIW
20|2|27|29|1|AQ
20|2|27|29|2|SIS
20|2|27|29|3|TZ'IKIN
20|2|27|29|4|TZ'IKIN
20|2|27|32|1|AB'IX
20|2|27|35|1|AB'IX
20|2|27|39|1|IXMUKANE
20|2|27|41|1|AB'IX
20|2|27|42|1|IXMUKANE
20|2|27|43|1|IXMUKANE
20|2|27|43|2|IXKIK'
21|1|27|10|1|KOJ
21|1|27|10|2|B'ALAM
21|1|27|12|1|KEJ
21|1|27|12|2|UMUL
21|1|27|14|1|KEJ
21|1|27|15|1|KEJ
21|1|27|15|2|UMUL
21|1|27|16|1|YAK
21|1|27|16|2|UTIW
21|1|27|17|1|AQ
21|1|27|17|2|SIS
21|1|27|18|1|JUNAJPU
21|1|27|18|2|XB'ALAMQ'E
21|1|27|23|1|CH'O
21|1|27|26|1|CH'O
21|1|27|28|1|KA'IB'_K'AJOLAB'
21|1|27|29|1|JUNAJPU
21|1|27|29|2|XB'ALAMQ'E
21|1|27|31|1|AB'IX
21|1|27|31|2|CH'O
21|1|27|33|1|KA'IB'_K'AJOLAB'
21|1|27|33|2|CH'O
21|1|27|37|1|CH'O
21|1|27|39|1|JUN_JUNAJPU
21|1|27|39|2|JUN_JUNAJPU
21|1|27|40|1|WUQUB'_JUNAJPU
21|1|27|41|1|XIB'ALB'A
21|1|27|43|1|B'ATE
21|1|27|43|2|PACHQ'AB'
21|1|27|44|1|KIK'
21|1|27|45|1|IXMUKANE
21|1|27|46|1|JUN_JUNAJPU
21|1|27|47|1|KA'IB'_K'AJOLAB'
21|2|27|1|1|CH'O
21|2|27|2|1|KIK'
21|2|27|3|1|CH'O
21|2|27|3|2|CH'O
21|2|27|4|1|IXIM
21|2|27|4|2|SAKIL
21|2|27|4|3|IK
21|2|27|4|4|KINAQ'
21|2|27|5|1|PEQ
21|2|27|5|2|KAKAW
21|2|27|8|1|JUNAJPU
21|2|27|9|1|XB'ALAMQ'E
21|2|27|9|2|KA'IB'_K'AJOLAB'
21|2|27|11|1|IXMUKANE
21|2|27|13|1|IXMUKANE
21|2|27|18|1|CH'O
21|2|27|20|1|JUNAJPU
21|2|27|20|2|XB'ALAMQ'E
21|2|28|22|1|CH'O
21|2|28|25|1|CH'O
21|2|28|26|1|WA
21|2|28|26|2|IXMUKANE
21|2|28|27|1|IK
21|2|28|27|2|IXMUKANE
21|2|28|30|1|IXMUKANE
21|2|28|30|2|IXKIK'
21|2|28|33|1|IXMUKANE
21|2|28|36|1|CH'O
21|2|28|37|1|IK
21|2|28|37|2|CH'O
21|2|28|38|1|KIK'
21|2|28|39|1|IK
21|2|28|39|2|XA'N
21|2|28|40|1|XA'N
21|2|28|41|1|IXMUKANE
21|2|28|45|1|IXMUKANE
21|2|28|47|1|IXKIK'
22|1|28|1|1|CH'O
22|1|28|1|2|KIK'
22|1|28|2|1|B'ATE
22|1|28|2|2|PACHQ'AB
22|1|28|2|3|TZ'UM
22|1|28|4|1|JOM
22|1|28|5|1|IXMUKANE
22|1|28|5|2|IXMUKANE
22|1|28|6|1|IXKIK'
22|1|28|8|1|WUB
22|1|28|12|1|IXMUKANE
22|1|28|14|1|IXMUKANE
22|1|28|14|2|KIK'
22|1|29|16|1|CHAAJ
22|1|29|17|1|JOM
22|1|29|17|2|CHAAJ
22|1|29|18|1|JOM
22|1|29|18|2|JUN_JUNAJPU
22|1|29|19|1|RAJAWAL_XIB'ALB'A
22|1|29|23|1|JUN_JUNAJPU
22|1|29|23|2|WUQUB'_JUNAJPU
22|1|29|25|1|JUN_KAME'
22|1|29|26|1|WUQUB'_KAME'
22|1|29|26|2|RAJAWAL_XIB'ALB'A
22|1|29|28|1|USAMAJEL_XIB'ALB'A
22|1|29|29|1|RAJAWAL_XIB'ALB'A
22|1|29|30|1|CHAAJ
22|1|29|31|1|RAJAWAL_XIB'ALB'A
22|1|29|32|1|USAMAJEL_XIB'ALB'A
22|1|29|33|1|KA'IB'_K'AJOLAB'
22|1|29|35|1|USAMAJEL_XIB'ALB'A
22|1|29|36|1|IXMUKANE
22|1|29|36|2|CHAAJ
22|1|29|37|1|USAMAJEL_XIB'ALB'A
22|1|29|38|1|RAJAWAL_XIB'ALB'A
22|1|29|39|1|USAMAJEL_XIB'ALB'A
22|1|29|41|1|USAMAJEL_XIB'ALB'A
22|1|29|42|1|IXMUKANE
22|1|29|43|1|USAMAJEL_XIB'ALB'A
22|1|29|44|1|IXMUKANE
22|1|29|44|2|USAMAJEL_XIB'ALB'A
22|1|29|46|1|IXMUKANE
22|1|29|47|1|KA'IB'_K'AJOLAB'
22|2|29|1|1|XIB'ALB'A
22|2|29|1|2|USAMAJEL_XIB'ALB'A
22|2|29|2|1|JUN_JUNAJPU
22|2|29|3|1|IXMUKANE
22|2|29|4|1|UK'
22|2|29|6|1|UK'
22|2|29|7|1|UK'
22|2|29|8|1|KA'IB'_K'AJOLAB'
22|2|29|8|2|JOM
22|2|29|9|1|UK'
22|2|29|10|1|USAMAJEL_XIB'ALB'A
22|2|29|10|2|IXMUKANE
22|2|29|12|1|USAMAJEL_XIB'ALB'A
22|2|29|13|1|IXMUKANE
22|2|29|13|2|UK'
22|2|29|15|1|TAMASUL
22|2|29|15|2|TAMASUL
22|2|29|15|3|TAMASUL
22|2|29|16|1|TAMASUL
22|2|29|17|1|UK'
22|2|29|18|1|KA'IB'_K'AJOLAB'
22|2|29|18|2|UK'
22|2|29|18|3|TAMASUL
22|2|29|20|1|UK'
22|2|29|20|2|TAMASUL
22|2|29|23|1|UK'
22|2|29|23|2|TAMASUL
22|2|29|24|1|TAMASUL
22|2|29|25|1|TAMASUL
22|2|29|27|1|KUMATZ
22|2|29|27|2|SAQIKAS
22|2|29|28|1|TAMASUL
22|2|29|29|1|TAMASUL
22|2|29|29|2|SAQIKAS
22|2|29|30|1|TAMASUL
22|2|29|31|1|TAMASUL
22|2|29|32|1|SAQIKAS
22|2|29|34|1|SAQIKAS
22|2|29|34|2|TAMASUL
22|2|29|36|1|SAQIKAS
22|2|29|36|2|SAQIKAS
22|2|29|37|1|TAMASUL
22|2|29|38|1|SAQIKAS
22|2|29|38|2|TAMASUL
22|2|29|39|1|SAQIKAS
22|2|29|39|2|WAK
22|2|29|40|1|SAQIKAS
22|2|29|41|1|WAK
22|2|29|42|1|JOM
22|2|29|42|2|XIK
22|2|29|43|1|SAQIKAS
22|2|29|44|1|WAK
22|2|29|45|1|UTZUTZIL_JOM
22|2|29|46|1|JUNAJPU
22|2|29|46|2|XB'ALAMQ'E
22|2|29|46|3|CHAAJ
22|2|29|47|1|WAK
23|1|29|1|1|WAK
23|1|29|2|1|WUB
23|1|30|4|1|WUB
23|1|30|4|2|WAK
23|1|30|5|1|WUB
23|1|30|9|1|WAK
23|1|30|11|1|WAK
23|1|30|13|1|KIK'
23|1|30|13|2|CHAAJ
23|1|30|14|1|WAK
23|1|30|14|2|LOTZ_KIK'
23|1|30|17|1|WAK
23|1|30|18|1|WAK
23|1|30|19|1|KUMATZ
23|1|30|20|1|KUMATZ
23|1|30|21|1|TAMASUL
23|1|30|23|1|TAMASUL
23|1|30|24|1|TAMASUL
23|1|30|28|1|KA'IB'_K'AJOLAB'
23|1|30|33|1|TAMASUL
23|1|30|34|1|KA'IB'_K'AJOLAB'
23|1|30|35|1|UK'
23|1|30|36|1|TAMASUL
23|1|30|38|1|TAMASUL
23|1|30|41|1|KUMATZ
23|1|30|42|1|UK'
23|1|30|43|1|IXMUKANE
23|1|30|43|2|KA'IB'_K'AJOLAB'
23|1|30|45|1|XIB'ALB'A
23|1|30|45|2|USAMAJEL_XIB'ALB'A
23|1|30|46|1|JUN_KAME'
23|1|30|46|2|WUQUB'_KAME'
23|1|30|47|1|CHAAJ
23|2|30|1|1|KIK'
23|2|30|1|2|B'ATE
23|2|30|2|1|PACHQ'AB
23|2|30|2|2|TZ'UM
23|2|30|3|1|RAJAWAL_XIB'ALB'A
23|2|30|4|1|IXMUKANE
23|2|30|5|1|IXMUKANE
23|2|30|6|1|IXMUKANE
23|2|30|7|1|KA'IB'_K'AJOLAB'
23|2|30|9|1|IXMUKANE
23|2|30|10|1|IXMUKANE
23|2|31|11|1|IXMUKANE
23|2|31|14|1|AJ
23|2|31|19|1|IXMUKANE
23|2|31|19|2|IXKIK'
23|2|31|22|1|JUNAJPU
23|2|31|23|1|XB'ALAMQ'E
23|2|31|28|1|WUB
23|2|31|29|1|XIB'ALB'A
23|2|31|31|1|TZ'IKIN
23|2|31|32|1|TZ'IKIN
23|2|31|32|2|MOLAY
23|2|31|33|1|PUJ_YA'
23|2|31|34|1|KIK'_YA'
23|2|31|35|1|XIB'ALB'A
23|2|31|36|1|WUB
23|2|31|39|1|XIB'ALB'A
23|2|31|39|2|Q'EQA_B'E
23|2|31|39|3|SAQI_B'E
23|2|31|39|4|KAQA_B'E
23|2|31|40|1|RAXA_B'E
23|2|31|41|1|XA'N
23|2|31|46|1|KIK'
23|2|31|47|1|XA'N
24|1|31|1|1|XA'N
24|1|31|1|2|Q'EQA_B'E
24|1|31|6|1|JUN_KAME'
24|1|31|7|1|JUN_KAME'
24|1|31|9|1|JUN_KAME'
24|1|31|9|2|JUN_KAME'
24|1|31|11|1|WUQUB'_KAME'
24|1|31|12|1|WUQUB'_KAME'
24|1|31|13|1|XIKIRIPAT
24|1|31|14|1|XIKIRIPAT
24|1|31|14|2|WUQUB'_KAME'
24|1|31|16|1|KUCHUMA_KIK'
24|1|31|17|1|KUCHUMA_KIK'
24|1|31|17|2|XIKIRIPAT
24|1|31|19|1|AJAL_PUJ
24|1|31|20|1|AJAL_PUJ
24|1|31|20|2|KUCHUMA_KIK'
24|1|31|22|1|AJAL_Q'ANA
24|1|31|23|1|AJAL_Q'ANA
24|1|31|24|1|AJAL_PUJ
24|1|31|25|1|CH'AMIYA_BAQ
24|1|31|26|1|CH'AMIYA_BAQ
24|1|31|27|1|AJAL_Q'ANA
24|1|31|29|1|CH'AMIYA_JOLOM
24|1|31|29|2|CH'AMIYA_JOLOM
24|1|31|30|1|CH'AMIYA_BAQ
24|1|31|32|1|XIK
24|1|31|33|1|CH'AMIYA_JOLOM
24|1|31|35|1|PATAN
24|1|31|36|1|PATAN
24|1|31|38|1|KIK'_RE
24|1|31|39|1|KIK'_RE
24|1|31|39|2|XIK
24|1|31|40|1|PATAN
24|1|31|41|1|KIK'_RIXK'AQ
24|1|31|43|1|KIK'_RIXK'AQ
24|1|31|44|1|KIK'_RE
24|2|31|6|1|JUNAJPU
24|2|31|8|1|JUNAJPU
24|2|31|8|2|XB'ALAMQ'E
24|2|31|10|1|RAJAWAL_XIB'ALB'A
24|2|31|11|1|RAJAWAL_XIB'ALB'A
24|2|31|13|1|RAJAWAL_XIB'ALB'A
24|2|31|15|1|JUN_KAME'
24|2|31|16|1|WUQUB'_KAME'
24|2|31|16|2|XIKIRI_PAT
24|2|31|17|1|KUCHUMA_KIK'
24|2|31|17|2|AJAL_PUJ
24|2|31|18|1|AJAL_Q'ANA
24|2|31|19|1|CH'AMIYA_BAQ
24|2|31|19|2|CH'AMIYA_JOLOM
24|2|31|20|1|XIK'
24|2|31|21|1|PATAN
24|2|31|21|2|KIK'_RE
24|2|31|22|1|KIK'_RIXK'AQ
24|2|31|30|1|JUNAJPU
24|2|31|30|2|XB'ALAMQ'E
24|2|31|33|1|Q'EQUMA_JA
24|2|31|35|1|XIB'ALB'A
24|2|31|37|1|XIB'ALB'A
24|2|31|38|1|Q'EQUMA_JA
24|2|31|41|1|USAMAJEL_XIB'ALB'A
24|2|31|41|2|JUN_KAME'
24|2|31|42|1|JUN_KAME'
24|2|31|45|1|JUN_KAME'
24|2|31|45|2|USAMAJEL_XIB'ALB'A
25|1|31|9|1|RAJAWAL_XIB'ALB'A
25|1|31|16|1|RAJAWAL_XIB'ALB'A
25|1|31|16|2|KA'IB'_K'AJOLAB'
25|1|31|18|1|JUN_KAME'
25|1|31|18|2|WUQUB'_KAME'
25|1|31|19|1|KA'IB'_K'AJOLAB'
25|1|31|20|1|RAJAWAL_XIB'ALB'A
25|1|31|24|1|CHAAJ
25|1|31|24|2|KA'IB'_K'AJOLAB'
25|1|31|25|1|RAJAWAL_XIB'ALB'A
25|1|31|26|1|KIK'
25|1|31|27|1|RAJAWAL_XIB'ALB'A
25|1|31|28|1|KA'IB'_K'AJOLAB'
25|1|31|30|1|RAJAWAL_XIB'ALB'A
25|1|31|31|1|KA'IB'_K'AJOLAB'
25|1|31|32|1|RAJAWAL_XIB'ALB'A
25|1|31|33|1|KA'IB'_K'AJOLAB'
25|1|31|34|1|RAJAWAL_XIB'ALB'A
25|1|31|35|1|JUNAJPU
25|1|31|36|1|RAJAWAL_XIB'ALB'A
25|1|31|37|1|B'ATE
25|1|31|37|2|JUNAJPU
25|1|31|38|1|RAJAWAL_XIB'ALB'A
25|1|31|39|1|KIK'
25|1|31|41|1|CHAAJ
25|1|31|42|1|JUNAJPU
25|1|31|42|2|XB'ALAMQ'E
25|1|31|44|1|USAMAJEL_XIB'ALB'A
25|1|31|46|1|KA'IB'_K'AJOLAB'
25|2|31|1|1|KA'IB'_K'AJOLAB'
25|2|31|3|1|XIB'ALB'A
25|2|31|4|1|KA'IB'_K'AJOLAB'
25|2|31|5|1|KA'IB'_K'AJOLAB'
25|2|31|5|2|CHAAJ
25|2|31|7|1|KA'IB'_K'AJOLAB'
25|2|31|8|1|KIK'
25|2|31|9|1|CHAAJ
25|2|31|11|1|RAJAWAL_XIB'ALB'A
25|2|31|12|1|KA'IB'_K'AJOLAB'
25|2|31|13|1|KOTZ'I'J
25|2|31|13|2|RAJAWAL_XIB'ALB'A
25|2|31|14|1|KOTZ'I'J
25|2|31|15|1|KA'IB'_K'AJOLAB'
25|2|31|15|2|XIB'ALB'A
25|2|31|16|1|KOTZ'I'J
25|2|31|17|1|KOTZ'I'J
25|2|31|18|1|RAJAWAL_XIB'ALB'A
25|2|31|19|1|KA'IB'_K'AJOLAB'
25|2|31|21|1|KA'IB'_K'AJOLAB'
25|2|31|23|1|KA'IB'_K'AJOLAB'
25|2|31|24|1|RAJAWAL_XIB'ALB'A
25|2|31|26|1|RAJAWAL_XIB'ALB'A
25|2|31|27|1|KOTZ'I'J
25|2|31|29|1|KOTZ'I'J
25|2|31|30|1|KA'IB'_K'AJOLAB'
25|2|31|30|2|JUNAJPU
25|2|31|31|1|XB'ALAMQ'E
25|2|31|31|2|RAJAWAL_XIB'ALB'A
25|2|31|32|1|CHAAJ
25|2|31|35|1|KA'IB'_K'AJOLAB'
25|2|31|35|2|CHAYIM_JA
25|2|31|36|1|RAJAWAL_XIB'ALB'A
25|2|31|46|1|CHAYIM_JA
25|2|31|47|1|SANIK
26|1|31|1|1|SANIK
26|1|31|1|2|SANIK
26|1|31|3|1|KOTZ'I'J
26|1|31|3|2|RAJAWAL_XIB'ALB'A
26|1|31|5|1|SANIK
26|1|31|5|2|KOTZ'I'J
26|1|31|6|1|JUN_KAME'
26|1|31|6|2|WUQUB'_KAME'
26|1|31|8|1|KOTZ'I'J
26|1|31|8|2|RAJAWAL_XIB'ALB'A
26|1|31|9|1|KOTZ'I'J
26|1|31|10|1|KA'IB'_K'AJOLAB'
26|1|31|18|1|XPURPUWEQ
26|1|31|18|2|XPURPUWEQ
26|1|31|19|1|PUJUYU'
26|1|31|20|1|PUJUYU'
26|1|31|21|1|PUJUYU'
26|1|31|22|1|JUN_KAME'
26|1|31|23|1|WUQUB'_KAME'
26|1|31|24|1|SANIK
26|1|31|25|1|KOTZ'I'J
26|1|31|26|1|KOTZ'I'J
26|1|31|27|1|KOTZ'I'J
26|1|31|31|1|KOTZ'I'J
26|1|31|33|1|KOTZ'I'J
26|1|31|35|1|USAMAJEL_XIB'ALB'A
26|1|31|36|1|RAJAWAL_XIB'ALB'A
26|1|31|38|1|KA'IB'_K'AJOLAB'
26|1|31|39|1|KOTZ'I'J
26|1|31|41|1|RAJAWAL_XIB'ALB'A
26|1|31|41|2|RAJAWAL_XIB'ALB'A
26|1|31|42|1|KOTZ'I'J
26|1|31|43|1|RAJAWAL_XIB'ALB'A
26|1|31|44|1|SANIK
26|1|31|44|2|KA'IB'_K'AJOLAB'
26|1|31|46|1|SANIK
26|1|31|47|1|RAJAWAL_XIB'ALB'A
26|2|31|2|1|KOTZ'I'J
26|2|31|3|1|KOTZ'I'J
26|2|31|4|1|KOTZ'I'J
26|2|31|5|1|KOTZ'I'J
26|2|31|7|1|RAJAWAL_XIB'ALB'A
26|2|31|11|1|JUN_KAME'
26|2|31|11|2|WUQUB'_KAME'
26|2|31|12|1|JUNAJPU
26|2|31|12|2|XB'ALAMQ'E
26|2|31|14|1|XPURPUWEQ
26|2|31|16|1|CHAAJ
26|2|31|17|1|CHAAJ
26|2|31|18|1|CHAAJ
26|2|31|19|1|RAJAWAL_XIB'ALB'A
26|2|31|20|1|KA'IB'_K'AJOLAB'
26|2|32|22|1|XUXULUM_JA
26|2|32|26|1|KA'IB'_K'AJOLAB'
26|2|32|29|1|RAJAWAL_XIB'ALB'A
26|2|32|34|1|RAJAWAL_XIB'ALB'A
26|2|32|36|1|KA'IB'_K'AJOLAB'
26|2|32|36|2|JUNAJPU
26|2|32|36|3|XB'ALAMQ'E
26|2|33|38|1|B'ALAM_JA
26|2|33|39|1|B'ALAM
26|2|33|39|2|B'ALAM_JA
26|2|33|41|1|B'ALAM
27|1|33|3|1|B'ALAM_JA
27|1|33|5|1|RAJAWAL_XIB'ALB'A
27|1|34|8|1|JA_CHI_Q'AQ''
27|1|34|15|1|RAJAWAL_XIB'ALB'A
27|1|35|16|1|SOTZ'I_JA
27|1|35|17|1|SOTZ
27|1|35|18|1|SOTZ
27|1|35|22|1|WUB
27|1|35|23|1|SOTZ'I_JA
27|1|35|25|1|SOTZ
27|1|35|27|1|WUB
27|1|35|30|1|SOTZ
27|1|35|33|1|SOTZ
27|1|35|34|1|WUB
27|1|35|35|1|XB'ALAMQ'E
27|1|35|35|2|JUNAJPU
27|1|35|39|1|WUB
27|1|35|42|1|SOTZ
27|1|35|43|1|JUNAJPU
27|1|35|45|1|XB'ALAMQ'E
27|1|35|46|1|JUNAJPU
27|1|35|47|1|JUNAJPU
27|2|35|4|1|XB'ALAMQ'E
27|2|35|6|1|JOM
27|2|35|7|1|JUN_KAME'
27|2|35|7|2|WUQUB'_KAME'
27|2|35|8|1|RAJAWAL_XIB'ALB'A
27|2|35|10|1|JUNAJPU
27|2|35|11|1|SIS
27|2|35|11|2|AQ
27|2|35|17|1|XB'ALAMQ'E
27|2|35|26|1|SIS
27|2|35|26|2|Q'OQ
27|2|35|29|1|JUNAJPU
27|2|35|31|1|UK'U'X_KAJ
27|2|35|32|1|JUN_RAQAN
27|2|35|33|1|SOTZ'I_JA
27|2|35|39|1|XPIYAKOK
27|2|35|39|2|WUCH'
27|2|35|40|1|XPIYAKOK
27|2|35|42|1|XPIYAKOK
27|2|35|43|1|WUCH'
27|2|35|46|1|JUNAJPU
28|1|35|1|1|JUNAJPU
28|1|35|1|2|JUNAJPU
28|1|35|4|1|CHAAJ
28|1|35|6|1|XB'ALAMQ'E
28|1|35|7|1|UMUL
28|1|35|8|1|JOM
28|1|35|9|1|UMUL
28|1|35|10|1|XB'ALAMQ'E
28|1|35|12|1|UMUL
28|1|36|16|1|CHAAJ
28|1|36|17|1|JUNAJPU
28|1|36|18|1|JOM
28|1|36|20|1|JUNAJPU
28|1|36|21|1|KIK'
28|1|36|24|1|KIK'
28|1|36|24|2|RAJAWAL_XIB'ALB'A
28|1|36|25|1|XB'ALAMQ'E
28|1|36|26|1|KIK'
28|1|36|26|2|B'ATE
28|1|36|28|1|JOM
28|1|36|30|1|UMUL
28|1|36|31|1|RAJAWAL_XIB'ALB'A
28|1|36|33|1|UMUL
28|1|36|34|1|RAJAWAL_XIB'ALB'A
28|1|36|36|1|JUNAJPU
28|1|36|37|1|Q'OQ
28|1|36|37|2|XB'ALAMQ'E
28|1|36|38|1|Q'OQ
28|1|36|38|2|JOM
28|1|36|40|1|JUNAJPU
28|1|36|42|1|KIK'
28|1|36|42|2|XIB'ALB'A
28|1|36|43|1|KIK'
28|1|36|45|1|KIK'
28|1|36|47|1|RAJAWAL_XIB'ALB'A
28|2|36|2|1|CHAAJ
28|2|36|3|1|CHAAJ
28|2|36|5|1|Q'OQ
28|2|36|5|2|XB'ALAMQ'E
28|2|36|6|1|Q'OQ
28|2|36|6|2|JOM
28|2|36|7|1|SAKIL
28|2|36|10|1|RAJAWAL_XIB'ALB'A
28|2|36|11|1|RAJAWAL_XIB'ALB'A
28|2|36|12|1|JUNAJPU
28|2|36|12|2|XB'ALAMQ'E
28|2|37|17|1|JUNAJPU
28|2|37|17|2|XB'ALAMQ'E
28|2|37|22|1|XIB'ALB'A
28|2|37|24|1|XIB'ALB'A
28|2|37|27|1|XULU
28|2|37|27|2|PAK'AM
28|2|37|29|1|RAJAWAL_XIB'ALB'A
28|2|37|37|1|RAJAWAL_XIB'ALB'A
28|2|37|42|1|XULU
28|2|37|42|2|PAK'AM
29|1|37|10|1|JAL
29|1|37|16|1|JUNAJPU
29|1|37|16|2|XB'ALAMQ'E
29|1|37|20|1|RAJAWAL_XIB'ALB'A
29|1|37|21|1|USAMAJEL_XIB'ALB'A
29|1|37|22|1|USAMAJEL_XIB'ALB'A
29|1|37|22|2|JUN_KAME'
29|1|37|23|1|WUQUB'_KAME'
29|1|37|24|1|KA'IB'_K'AJOLAB'
29|1|37|25|1|RAJAWAL_XIB'ALB'A
29|1|37|26|1|KA'IB'_K'AJOLAB'
29|1|37|32|1|KA'IB'_K'AJOLAB'
29|1|37|33|1|JUN_KAME'
29|1|37|35|1|RAJAWAL_XIB'ALB'A
29|1|37|41|1|RAJAWAL_XIB'ALB'A
29|1|37|45|1|XULU
29|1|37|45|2|PAK'AM
29|2|37|1|1|RAJAWAL_XIB'ALB'A
29|2|37|4|1|KA'IB'_K'AJOLAB'
29|2|38|9|1|KAR
29|2|38|10|1|RAJAWAL_XIB'ALB'A
29|2|38|12|1|KA'IB'_K'AJOLAB'
29|2|38|16|1|RAJAWAL_XIB'ALB'A
29|2|38|17|1|XAJOJ_PUJUY
29|2|38|18|1|XAJOJ_KUX
29|2|38|18|2|IB'OY
29|2|38|19|1|XTZUL
29|2|38|19|2|CH'ITIK
29|2|38|23|1|RAJAWAL_XIB'ALB'A
29|2|38|28|1|RAJAWAL_XIB'ALB'A
29|2|38|31|1|RAJAWAL_XIB'ALB'A
29|2|39|33|1|JUN_KAME'_WUQUB'_KAME'
29|2|39|34|1|JUN_KAME'
29|2|39|34|2|WUQUB'_KAME'
29|2|39|35|1|KA'IB'_K'AJOLAB'
29|2|39|39|1|RAJAWAL_XIB'ALB'A
29|2|39|41|1|USAMAJEL_XIB'ALB'A
29|2|39|44|1|RAJAWAL_XIB'ALB'A
29|2|39|45|1|USAMAJEL_XIB'ALB'A
29|2|39|47|1|RAJAWAL_XIB'ALB'A
30|1|39|3|1|XIB'ALB'A
30|1|39|6|1|KA'IB'_K'AJOLAB'
30|1|39|7|1|KA'IB'_K'AJOLAB'
30|1|39|11|1|RAJAWAL_XIB'ALB'A
30|1|39|12|1|USAMAJEL_XIB'ALB'A
30|1|39|13|1|JUNAJPU
30|1|39|13|2|XB'ALAMQ'E
30|1|39|18|1|USAMAJEL_XIB'ALB'A
30|1|39|19|1|JUN_KAME'
30|1|40|20|1|RAJAWAL_XIB'ALB'A
30|1|40|25|1|KA'IB'_K'AJOLAB'
30|1|40|28|1|IXKIK'
30|1|40|28|2|JUNAJPU
30|1|40|30|1|JUN_KAME'_WUQUB'_KAME'
30|1|40|31|1|IXKIK'
30|1|40|32|1|JUNAJPU
30|1|40|38|1|JUN_KAME'_WUQUB'_KAME'
30|1|40|44|1|KA'IB'_K'AJOLAB'
30|2|40|1|1|RAJAWAL_XIB'ALB'A
30|2|40|2|1|XAJOJ_KUX
30|2|40|3|1|XAJOJ_PUJUY
30|2|40|3|2|IB'OY
30|2|40|4|1|JUN_KAME'_WUQUB'_KAME'
30|2|40|11|1|JUN_KAME'_WUQUB'_KAME'
30|2|40|13|1|JUN_KAME'_WUQUB'_KAME
30|2|40|14|1|RAJAWAL_XIB'ALB'A
30|2|40|17|1|JUN_KAME'
30|2|40|18|1|RAJAWAL_XIB'ALB'A
30|2|40|21|1|JUN_KAME'_WUQUB'_KAME
30|2|40|28|1|JUN_KAME'_WUQUB'_KAME
30|2|40|29|1|JUN_KAME'
30|2|40|29|2|WUQUB'_KAME'
30|2|40|33|1|JUN_KAME'_WUQUB'_KAME
30|2|40|37|1|JUN_KAME'_WUQUB'_KAME
30|2|40|39|1|JUNAJPU
30|2|40|40|1|XB'ALAMQ'E
30|2|40|45|1|RAJAWAL_XIB'ALB'A
30|2|40|47|1|XB'ALAMQ'E
31|1|40|3|1|JUN_KAME'_WUQUB'_KAME
31|1|40|5|1|JUN_KAME'
31|1|40|5|2|WUQUB'_KAME'
31|1|41|8|1|RAJAWAL_XIB'ALB'A
31|1|41|9|1|JUNAJPU
31|1|41|9|2|XB'ALAMQ'E
31|1|41|10|1|JUN_KAME'
31|1|41|10|2|WUQUB'_KAME'
31|1|41|13|1|JUN_KAME'
31|1|41|14|1|WUQUB'_KAME'
31|1|41|14|2|JUNAJPU
31|1|41|15|1|XB'ALAMQ'E
31|1|41|18|1|RAJAWAL_XIB'ALB'A
31|1|41|19|1|RAJAWAL_XIB'ALB'A
31|1|41|21|1|JUN_KAME'
31|1|41|21|2|JUN_KAME'
31|1|41|21|3|RAJAWAL_XIB'ALB'A
31|1|41|22|1|JUN_KAME'
31|1|41|23|1|WUQUB'_KAME'
31|1|41|25|1|RAJAWAL_XIB'ALB'A
31|1|41|26|1|RAJAWAL_XIB'ALB'A
31|1|41|30|1|JUN_KAME'_WUQUB'_KAME
31|1|41|32|1|JUN_KAME'_WUQUB'_KAME
31|1|41|41|1|SANIK
31|1|41|46|1|RAJAWAL_XIB'ALB'A
31|2|41|4|1|RAJAWAL_XIB'ALB'A
31|2|42|6|1|JUN_JUNAJPU
31|2|42|7|1|JUNAJPU
31|2|42|8|1|XB'ALAMQ'E
31|2|42|9|1|JUN_JUNAJPU
31|2|42|10|1|WUQUB'_JUNAJPU
31|2|42|12|1|JUN_JUNAJPU
31|2|42|18|1|RAJAWAL_XIB'ALB'A
31|2|42|19|1|JUNAJPU
31|2|42|19|2|XB'ALAMQ'E
31|2|42|21|1|JUN_JUNAJPU
31|2|42|22|1|PUSB'AL_CHAAJ
31|2|42|25|1|RAJAWAL_XIB'ALB'A
31|2|42|35|1|AJMAK
31|2|42|36|1|AJLAB'AL
31|2|42|36|2|AJB'IS
31|2|42|36|3|AJMOKEN
31|2|42|40|1|KIK'
31|2|42|41|1|RAJAWAL_XIB'ALB'A
31|2|42|47|1|AJTZA
31|2|42|47|2|AJTUKUR
32|1|42|2|1|AJMUQULIK_K'U'X
32|1|42|3|1|AJMOX_WACH
32|1|42|3|2|AJLATZAB'
32|1|42|8|1|JUNAJPU
32|1|42|8|2|XB'ALAMQ'E
32|1|42|10|1|IXMUKANE
32|1|42|10|2|AJ
32|1|42|12|1|AJ
32|1|42|14|1|AJ
32|1|42|15|1|IXMUKANE
32|1|42|15|2|POM
32|1|42|17|1|IXMUKANE
32|1|42|18|1|AJ
32|1|42|19|1|IXMUKANE
32|1|42|25|1|AJ
32|1|42|28|1|AJ
32|1|42|30|1|AJ
32|1|42|30|2|IXMUKANE
32|1|42|31|1|JUNAJPU
32|1|42|32|1|XB'ALAMQ'E
32|1|42|33|1|IXMUKANE
32|1|42|34|1|JUN_JUNAJPU
32|1|42|35|1|JUN_JUNAJPU
32|1|42|35|2|WUQUB'_JUNAJPU
32|1|42|36|1|JUN_JUNAJPU
32|1|42|37|1|XIB'ALB'A
32|1|42|38|1|JUN_JUNAJPU
32|1|42|38|2|RAJAWAL_XIB'ALB'A
32|1|43|40|1|JUN_JUNAJPU
32|1|43|41|1|WUQUB'_JUNAJPU
32|1|43|43|1|PUSB'AL_CHAAJ
32|2|43|4|1|JUN_JUNAJPU
32|2|43|5|1|PUSB'AL_CHAAJ
32|2|43|11|1|JUN_JUNAJPU
32|2|43|16|1|RAJAWAL_XIB'ALB'A
32|2|43|21|1|MOTZ
32|2|43|23|1|SIPAKNA
32|2|44|27|1|ALOM
32|2|44|27|2|K'AJOLOM
32|2|44|28|1|TZ'AQOL
32|2|44|28|2|B'ITOL
32|2|44|28|3|TEPEW_Q'UKUMATZ
32|2|44|42|1|TZ'AQOL
32|2|44|42|2|B'ITOL
32|2|45|43|1|PAXIL
32|2|45|43|2|K'AYALA'
32|2|45|44|1|JAL
32|2|45|44|2|JAL
32|2|46|46|1|YAK
32|2|46|46|2|UTIW
32|2|46|46|3|K'EL
32|2|46|46|4|JOJ
32|2|46|47|1|JAL
33|1|46|1|1|JAL
33|1|46|2|1|PAXIL
33|1|46|2|2|PAXIL
33|1|46|6|1|ALOM
33|1|46|6|2|K'AJOLOM
33|1|46|6|3|JAL
33|1|46|9|1|JAL
33|1|46|9|2|JAL
33|1|46|10|1|PEQ
33|1|46|11|1|KAKAW
33|1|46|11|2|TULUL
33|1|46|11|3|K'AWEX
33|1|46|12|1|Q'INOM
33|1|46|12|2|TAPA'L
33|1|46|12|3|AJACHE'
33|1|46|12|4|KAB'
33|1|46|14|1|PAXIL
33|1|46|14|2|K'AYALA'
33|1|46|18|1|JAL
33|1|46|18|2|JAL
33|1|46|20|1|IXMUKANE
33|1|46|23|1|ALOM
33|1|46|23|2|K'AJOLOM
33|1|46|23|3|TEPEW_Q'UKUMATZ
33|1|46|26|1|IXMUKANE
33|1|46|26|2|XPIYAKOK
33|1|46|26|3|XA_Q'ANA_JAL
33|1|46|28|1|XA_Q'ANA_JAL
33|1|47|31|1|XA_Q'ANA_JAL
33|1|47|33|1|B'ALAM_KI'TZE'
33|1|47|33|2|B'ALAM_AQ'AB'
33|1|47|34|1|MAJUK'UTAJ
33|1|47|35|1|IQ'I_B'ALAM
33|1|47|36|1|XA_Q'ANA_JAL
33|1|47|36|2|XA_Q'ANA_JAL
33|1|48|42|1|TZ'AQOL
33|1|48|42|2|B'ITOL
33|1|48|42|3|ALOM
33|1|48|42|4|K'AJOLOM
33|1|48|44|1|TZ'AQOL
33|1|48|44|2|B'ITOL
33|1|48|44|3|ALOM
33|1|48|45|1|K'AJOLOM
33|1|48|45|2|TEPEW_Q'UKUMATZ
33|2|48|10|1|PAM_KAJ_UPAM_ULEW
33|2|48|17|1|PALO
33|2|48|19|1|B'ALAM_KI'TZE'
33|2|48|19|2|B'ALAM_AQ'AB'
33|2|48|20|1|MAJUK'UTAJ
33|2|48|20|2|IQ'I_B'ALAM
33|2|49|22|1|TZ'AQOL
33|2|49|22|2|B'ITOL
33|2|49|31|1|TZ'AQOL
33|2|49|31|2|B'ITOL
33|2|49|40|1|IXMUKANE
33|2|49|40|2|XPIYAKOK
33|2|49|44|1|PAM_KAJ_UPAM_ULEW
33|2|49|45|1|TZ'AQOL
33|2|49|45|2|B'ITOL
34|1|50|3|1|ALOM
34|1|50|3|2|K'AJOLOM
34|1|50|17|1|UK'U'X_KAJ
34|1|50|18|1|JUN_RAQAN
34|1|50|18|2|CH'IPI_KAQULJA
34|1|50|18|3|RAXA_KAQULJA
34|1|50|19|1|TEPEW_Q'UKUMATZ
34|1|50|19|2|ALOM
34|1|50|20|1|K'AJOLOM
34|1|50|20|2|XPIYAKOK
34|1|50|20|3|IXMUKANE
34|1|50|20|4|TZ'AQOL
34|1|50|21|1|B'ITOL
34|1|51|24|1|UK'U'X_KAJ
34|1|51|29|1|XA_Q'ANA_JAL
34|1|51|32|1|XA_Q'ANA_JAL
34|1|51|32|2|XA_Q'ANA_JAL
34|1|51|32|3|UK'U'X_KAJ
34|1|51|32|4|UK'U'X_ULEW
34|1|51|33|1|IXOQ_AJAWAB'
34|1|51|33|2|IXOQ_AJAWAB'
34|1|51|36|1|IXOQ_AJAWAB'
34|1|51|37|1|B'ALAM_KI'TZE'
34|1|51|37|2|B'ALAM_AQ'AB'
34|1|51|37|3|MAJUK'UTAJ
34|1|51|38|1|IQ'I_B'ALAM
34|1|51|38|2|IXOQ_AJAWAB'
34|1|51|39|1|IXOQ_AJAWAB'
34|1|51|40|1|IXOQ_AJAWAB'
34|1|51|41|1|IXOQ_AJAWAB'
34|1|51|41|2|KAQA_PALO_JA'
34|1|51|42|1|B'ALAM_KI'TZE'
34|1|51|42|2|CHOMI_JA'
34|1|51|43|1|B'ALAM_AQ'AB'
34|1|51|43|2|TZ'UNUNI_JA'
34|1|51|44|1|MAJUK'UTAJ
34|1|51|44|2|KAK'IXA_JA'
34|1|51|45|1|IQ'I_B'ALAM
34|1|51|45|2|IXOQ_AJAWAB'
34|1|51|46|1|IXOQ_AJAWAB'
34|2|51|1|1|TINAMIT_K'ICHE'
34|2|51|4|1|IXOQ_AJAWAB'
34|2|51|4|2|TINAMIT_K'ICHE'
34|2|51|7|1|TEPEW_OLOMAN
34|2|51|8|1|K'OJAJ
34|2|51|8|2|K'ENECH_AJAW
34|2|51|11|1|TAMUB'
34|2|51|11|2|ILOKAB'
34|2|51|12|1|B'ALAM_KI'TZE'
34|2|51|14|1|KAWEQ
34|2|51|14|2|B'ALAM_AQ'AB'
34|2|51|16|1|NIJA'IB
34|2|51|16|2|MAJUK'UTAJ
34|2|51|17|1|AJAW_K'ICHE'
34|2|51|21|1|TAMUB'
34|2|51|21|2|ILOKAB'
34|2|51|23|1|RAB'INALEB'
34|2|51|23|2|KAQCHIKELEB'
34|2|51|24|1|AJTZ'IKINA_JA
34|2|51|25|1|SAQAJIB'
34|2|51|25|2|LAMAKIB'
34|2|51|26|1|KUMATZ_AMAQ'
34|2|51|26|2|TUJAL_JA
34|2|51|26|3|UCH'AB'AJA
34|2|51|26|4|AJCH'UMILA_JA
34|2|51|27|1|AJKIB'A_JA
34|2|51|27|2|AJBA'TENA_JA
34|2|51|28|1|AKUL_WINAQ
34|2|51|28|2|B'ALAM_JA
34|2|51|28|3|KANCHAJELEB'
34|2|51|29|1|B'ALAM_ KOLOB'
35|1|51|8|1|TZ'AQOL
35|1|51|8|2|B'ITOL
35|1|51|8|3|UK'U'X_KAJ
35|1|51|8|4|UK'U'X_ULEW
35|1|51|14|1|TZ'AQOL
35|1|51|15|1|B'ITOL
35|1|51|17|1|UK'U'X_KAJ
35|1|51|17|2|UK'U'X_ULEW
35|1|51|24|1|JUN_RAQAN
35|1|51|25|1|CH'IPI_KAQULJA
35|1|51|25|2|RAXA_KAQULJA
35|1|51|26|1|CH'IPI_NANAWAK
35|1|51|26|2|RAXA_NANAWAK
35|1|51|27|1|WOK
35|1|51|27|2|JUNAJPU
35|1|51|27|3|TEPEW_Q'UKUMATZ
35|1|51|28|1|ALOM
35|1|51|28|2|K'AJOLOM
35|1|51|28|3|XPIYAKOK
35|1|51|28|4|IXMUKANE
35|1|51|29|1|IXMUKANE
35|1|51|29|2|IXMUKANE
35|1|51|34|1|IK'OQ'IJ
35|1|51|37|1|B'ALAM_KI'TZE'
35|1|51|38|1|B'ALAM_AQ'AB'
35|1|51|38|2|MAJUK'UTAJ
35|1|51|38|3|IQ'I_B'ALAM
35|1|51|43|1|IXOQ_AJAWAB'
35|1|51|43|2|XA_Q'ANA_JAL
35|1|51|46|1|YAKI
35|2|51|4|1|B'ALAM_KI'TZE'
35|2|51|5|1|B'ALAM_AQ'AB'
35|2|51|5|2|MAJUK'UTAJ
35|2|51|6|1|IQ'I_B'ALAM
35|2|52|9|1|B'ALAM_KI'TZE'
35|2|52|9|2|B'ALAM_AQ'AB'
35|2|52|9|3|MAJUK'UTAJ
35|2|52|10|1|IQ'I_B'ALAM
35|2|52|10|2|TAMUB'
35|2|52|10|3|ILOKAB'
35|2|52|11|1|TULÁN
35|2|52|11|2|SUYWA
35|2|53|14|1|TULÁN
35|2|53|17|1|B'ALAM_KI'TZE'
35|2|53|18|1|B'ALAM_AQ'AB'
35|2|53|18|2|MAJUK'UTAJ
35|2|53|19|1|IQ'I_B'ALAM
35|2|53|21|1|TOJIL
35|2|53|23|1|B'ALAM_KI'TZE'
35|2|53|23|2|AWILIX
35|2|53|24|1|B'ALAM_AQ'AB'
35|2|53|25|1|JAQAWITZ
35|2|53|26|1|MAJUK'UTAJ
35|2|53|26|2|NIKAQA_TAQAJ
35|2|53|27|1|IQ'I_B'ALAM
35|2|53|28|1|TINAMIT_K'ICHE'
35|2|53|29|1|TAMUB'
35|2|53|30|1|TOJIL
35|2|53|30|2|TAMUB'
35|2|53|32|1|TAMUB'
35|2|53|33|1|ILOKAB'
35|2|53|34|1|TOJIL
35|2|54|40|1|TOJIL
35|2|54|40|2|TINAMIT_K'ICHE'
35|2|54|40|3|TOJIL
35|2|54|40|4|TAMUB'
35|2|54|41|1|ILOKAB'
35|2|54|44|1|TOJIL
35|2|54|45|1|AWILIX
35|2|54|45|2|JAQAWITZ
35|2|54|46|1|RAB'INALEB'
35|2|54|46|2|KAQCHIKELEB'
35|2|54|47|1|AJTZ'IKINA_JA
36|1|54|1|1|YAKI
36|1|54|5|1|TULÁN
36|1|54|14|1|TULÁN
36|1|54|14|2|SUYWA
36|1|54|17|1|TOJIL
36|1|54|21|1|B'ALAM_KI'TZE'
36|1|54|21|2|B'ALAM_AQ'AB'
36|1|54|24|1|TOJIL
36|1|54|26|1|TOJIL
36|1|54|30|1|TOJIL
36|1|55|43|1|B'ALAM_KI'TZE'
36|1|55|44|1|B'ALAM_AQ'AB'
36|1|55|44|2|TOJIL
36|1|55|46|1|TOJIL
36|1|55|47|1|TOJIL
36|2|55|1|1|B'AQ
36|2|55|2|1|B'ALAM_KI'TZE'
36|2|55|3|1|B'ALAM_AQ'AB'
36|2|55|3|2|MAJUK'UTAJ
36|2|55|4|1|IQ'I_B'ALAM
36|2|55|8|1|B'ALAM_KI'TZE'
36|2|55|8|2|B'ALAM_AQ'AB'
36|2|55|8|3|MAJUK'UTAJ
36|2|55|9|1|IQ'I_B'ALAM
36|2|55|18|1|B'ALAM_KI'TZE'
36|2|55|19|1|B'ALAM_AQ'AB'
36|2|55|19|2|MAJUK'UTAJ
36|2|55|19|3|IQ'I_B'ALAM
36|2|55|23|1|TULÁN
36|2|55|27|1|JUN_WINAQ
36|2|55|29|1|B'ALAM_KI'TZE'
36|2|55|30|1|B'ALAM_AQ'AB'
36|2|55|30|2|MAJUK'UTAJ
36|2|55|30|3|IQ'I_B'ALAM
36|2|55|31|1|JUN_WINAQ
36|2|55|34|1|TZ'AQOL
36|2|55|34|2|B'ITOL
36|2|55|36|1|TOJIL
36|2|55|38|1|TOJIL
36|2|55|40|1|JUN_WINAQ
36|2|55|41|1|SOTZ
36|2|55|41|2|JUN_WINAQ
36|2|55|41|3|TZ'AQOL
36|2|55|42|1|B'ITOL
36|2|55|42|2|JUN_WINAQ
36|2|55|44|1|TOJIL
36|2|55|44|2|AWILIX
36|2|55|45|1|JAQAWITZ
36|2|55|45|2|JUN_WINAQ
37|1|55|7|1|B'ALAM_KI'TZE'
37|1|55|8|1|B'ALAM_AQ'AB'
37|1|55|8|2|MAJUK'UTAJ
37|1|55|9|1|IQ'I_B'ALAM
37|1|56|13|1|B'ALAM_KI'TZE'
37|1|56|13|2|B'ALAM_AQ'AB'
37|1|56|14|1|MAJUK'UTAJ
37|1|56|14|2|IQ'I_B'ALAM
37|1|56|25|1|B'ALAM_KI'TZE'
37|1|56|26|1|B'ALAM_AQ'AB'
37|1|56|29|1|TOJIL
37|1|56|31|1|TOJIL
37|1|56|32|1|TOJIL
37|1|56|34|1|B'ALAM_KI'TZE'
37|1|56|34|2|B'ALAM_AQ'AB'
37|1|56|35|1|MAJUK'UTAJ
37|1|56|35|2|IQ'I_B'ALAM
37|1|56|40|1|TOJIL
37|1|56|44|1|B'ALAM_KI'TZE'
37|1|56|45|1|B'ALAM_AQ'AB'
37|1|56|45|2|MAJUK'UTAJ
37|1|56|46|1|IQ'I_B'ALAM
37|1|56|47|1|TOJIL
37|2|56|1|1|TOJIL
37|2|56|6|1|SOTZ'I_JA
37|2|56|6|2|CHAMALKAN
37|2|56|7|1|KAQCHIKELEB'
37|2|56|7|2|SOTZ
37|2|56|10|1|KAQCHIKELEB'
37|2|56|15|1|TOJIL
37|2|56|18|1|TOJIL
37|2|56|20|1|B'ALAM_KI'TZE'
37|2|56|20|2|B'ALAM_AQ'AB'
37|2|56|21|1|MAJUK'UTAJ
37|2|56|21|2|IQ'I_B'ALAM
37|2|56|22|1|TULÁN
37|2|56|22|2|SUYWA
37|2|56|27|1|IK'OQ'IJ
37|2|56|29|1|IK'OQ'IJ
37|2|56|31|1|TULÁN
37|2|56|31|2|SUYWA
37|2|56|37|1|TOJIL
37|2|56|40|1|TULÁN
37|2|56|47|1|TOJIL
38|1|56|1|1|B'ALAM_KI'TZE'
38|1|56|1|2|B'ALAM_AQ'AB'
38|1|56|2|1|MAJUK'UTAJ
38|1|56|2|2|IQ'I_B'ALAM
38|1|56|9|1|TULÁN
38|1|56|10|1|TULÁN
38|1|56|23|1|NIM_XO'L
38|1|57|26|1|TINAMIT_K'ICHE'
38|1|57|29|1|CHI_PIXAB'
38|1|57|32|1|TINAMIT_K'ICHE'
38|1|57|33|1|TAMUB'
38|1|57|34|1|TAMUB'
38|1|57|35|1|ILOKAB'
38|1|57|35|2|ILOKAB'
38|1|57|36|1|OXIB_RI_NIM_JA
38|1|58|39|1|KAQCHIKELEB'
38|1|58|40|1|KAQCHIKELEB'
38|1|58|41|1|RAB'INALEB'
38|1|58|43|1|AJTZ'IKINA_JA
38|2|58|10|1|PALO
38|2|58|11|1|PALO
38|2|58|14|1|CHOLOCHIK_AB'AJ
38|2|58|15|1|B'OQOTAJINAQ_SANAYEB'
38|2|58|17|1|PALO
38|2|58|21|1|IXIM
38|2|58|22|1|CHI_PIXAB'
38|2|58|23|1|TOJIL
38|2|58|23|2|AWILIX
38|2|58|23|3|JAQAWITZ
38|2|58|24|1|B'ALAM_KI'TZE'
38|2|58|25|1|KAQA_PALO_JA'
38|2|58|27|1|B'ALAM_AQ'AB'
38|2|58|28|1|CHOMI_JA'
38|2|58|28|2|MAJUK'UTAJ
38|2|58|30|1|TZ'UNUNI_JA'
38|2|58|31|1|IQ'I_B'ALAM
38|2|58|31|2|KAK'IXA_JA'
38|2|58|35|1|CHI_PIXAB'
38|2|59|37|1|TOJIL
38|2|59|37|2|AWILIX
38|2|59|38|1|JAQAWITZ
38|2|59|38|2|B'ALAM_KI'TZE'
38|2|59|39|1|B'ALAM_AQ'AB'
38|2|59|39|2|MAJUK'UTAJ
38|2|59|40|1|IQ'I_B'ALAM
38|2|59|46|1|XA_Q'ANA_JAL
38|2|59|47|1|XA_Q'ANA_JAL
39|1|59|6|1|AWILIX
39|1|59|7|1|EWAB'AL_SIWAN
39|1|59|9|1|PA_AWILIX
39|1|59|11|1|B'ALAM_AQ'AB'
39|1|59|13|1|JAQAWITZ
39|1|59|14|1|JAQAWITZ_JUYUB'
39|1|59|17|1|JAQAWITZ
39|1|59|18|1|MAJUK'UTAJ
39|1|59|21|1|JAQAWITZ
39|1|59|22|1|JAQAWITZ
39|1|59|23|1|B'ALAM_KI'TZE'
39|1|59|25|1|TOJIL
39|1|59|25|2|B'ALAM_KI'TZE'
39|1|59|26|1|PA_TOJIL
39|1|59|28|1|KUNAB'AL_TOJIL
39|1|59|29|1|KUMATZ
39|1|59|30|1|B'ALAM
39|1|59|30|2|SOCHOJ
39|1|59|30|3|K'ANTI'
39|1|59|32|1|XA_Q'ANA_JAL
39|1|59|33|1|XA_Q'ANA_JAL
39|1|59|34|1|B'ALAM_KI'TZE'
39|1|59|34|2|B'ALAM_AQ'AB'
39|1|59|34|3|MAJUK'UTAJ
39|1|59|35|1|IQ'I_B'ALAM
39|1|59|37|1|JAQAWITZ_JUYUB'
39|1|59|39|1|TAMUB'
39|1|59|39|2|ILOKAB'
39|1|59|39|3|AMAQ'_TAM
39|1|59|41|1|TAMUB'
39|1|59|41|2|AMAQ'_UQ'IN_K'AT
39|1|59|43|1|ILOKAB'
39|1|59|44|1|ILOKAB'
39|1|59|45|1|RAB'INALEB'
39|1|59|46|1|KAQCHIKELEB'
39|1|59|46|2|AJTZ'IKINA_JA
39|2|59|4|1|IK'OQ'IJ
39|2|59|6|1|B'ALAM_KI'TZE'
39|2|59|7|1|B'ALAM_AQ'AB'
39|2|59|7|2|MAJUK'UTAJ
39|2|59|7|3|IQ'I_B'ALAM
39|2|59|26|1|MAK_EK'
39|2|59|29|1|TOJIL
39|2|59|29|2|AWILIX
39|2|59|29|3|JAQAWITZ
39|2|59|36|1|B'ALAM_KI'TZE'
39|2|59|36|2|B'ALAM_AQ'AB'
39|2|59|37|1|MAJUK'UTAJ
39|2|59|37|2|IQ'I_B'ALAM
39|2|59|40|1|TULÁN
39|2|59|40|2|SUYWA
39|2|59|43|1|PA_TOJIL
39|2|59|43|2|PA_AWILIX
39|2|59|44|1|JAQAWITZ_JUYUB'
39|2|59|46|1|XA_Q'ANA_JAL
39|2|59|46|2|XA_Q'ANA_JAL
40|1|61|4|1|B'ALAM_KI'TZE'
40|1|61|5|1|B'ALAM_AQ'AB'
40|1|61|5|2|MAJUK'UTAJ
40|1|61|6|1|IQ'I_B'ALAM
40|1|61|6|2|IK'OQ'IJ
40|1|61|10|1|POM
40|1|61|13|1|POM
40|1|61|14|1|POM
40|1|61|14|2|B'ALAM_KI'TZE'
40|1|61|15|1|POM
40|1|61|16|1|POM
40|1|61|16|2|B'ALAM_AQ'AB'
40|1|61|17|1|POM
40|1|61|18|1|MAJUK'UTAJ
40|1|61|19|1|POM
40|1|61|23|1|POM
40|1|61|23|2|POM
40|1|61|31|1|KOJ
40|1|61|31|2|B'ALAM
40|1|61|32|1|TZ'IKIN
40|1|61|32|2|K'ELETZU
40|1|61|34|1|K'OTAL
40|1|61|35|1|SAQ_K'UCH
40|1|61|35|2|TZ'IKIN
40|1|61|35|3|TZ'IKIN
40|1|61|36|1|XA_Q'ANA_JAL
40|1|61|37|1|XA_Q'ANA_JAL
40|1|61|37|2|XA_Q'ANA_JAL
40|1|61|38|1|XA_Q'ANA_JAL
40|1|61|38|2|TAMUB'
40|1|61|38|3|ILOKAB'
40|1|61|39|1|RAB'INALEB'
40|1|61|39|2|KAQCHIKELEB'
40|1|61|39|3|AJTZ'IKINA_JA
40|1|61|40|1|TUJAL_JA
40|1|61|40|2|UCH'AB'AJA
40|1|61|41|1|AJKIB'A_JA
40|1|61|41|2|AJBATENAJA
40|1|61|41|3|YAKI_TEPEW
40|2|61|12|1|TOJIL
40|2|61|12|2|AWILIX
40|2|61|12|3|JAQAWITZ
40|2|61|13|1|KOJ
40|2|61|13|2|B'ALAM
40|2|61|14|1|SOCHOJ
40|2|61|14|2|K'ANTI'
40|2|61|14|3|SAQI_K'OXOL
40|2|61|19|1|KOJ
40|2|61|19|2|B'ALAM
40|2|61|20|1|SOCHOJ
40|2|61|20|2|K'ANTI'
40|2|61|20|3|SAQI_K'OXOL
40|2|61|25|1|B'ALAM_KI'TZE'
40|2|61|25|2|B'ALAM_AQ'AB'
40|2|61|25|3|MAJUK'UTAJ
40|2|61|26|1|IQ'I_B'ALAM
40|2|61|30|1|JAQAWITZ_JUYUB'
40|2|61|35|1|B'ALAM_KI'TZE'
40|2|61|35|2|B'ALAM_AQ'AB'
40|2|61|36|1|MAJUK'UTAJ
40|2|61|36|2|IQ'I_B'ALAM
40|2|61|43|1|QAMUKU
40|2|61|46|1|TULÁN
41|1|61|3|1|XA_Q'ANA_JAL
41|1|61|3|2|XA_Q'ANA_JAL
41|1|61|3|3|YAKI
41|1|61|4|1|TOJIL
41|1|61|5|1|YAKI
41|1|61|5|2|YOLKWAT_KITZALKWAT
41|1|61|7|1|TULÁN
41|1|61|7|2|SUYWA
41|1|61|11|1|YAKI
41|1|61|12|1|MEXICO
41|1|61|15|1|TEPEW_OLOMAN
41|1|61|17|1|JAQAWITZ_JUYUB'
41|1|61|19|1|TAMUB'
41|1|61|19|2|ILOKAB'
41|1|61|20|1|AMAQ'_TAM
41|1|61|21|1|XA_Q'ANA_JAL
41|1|61|22|1|XA_Q'ANA_JAL
41|1|61|22|2|TAMUB'
41|1|61|23|1|TOJIL
41|1|61|24|1|TINAMIT_K'ICHE'
41|1|61|26|1|RAB'INALEB'
41|1|61|27|1|JUN_TOJ
41|1|61|28|1|RAB'INALEB'
41|1|61|29|1|TINAMIT_K'ICHE'
41|1|61|31|1|KAQCHIKELEB'
41|1|61|33|1|TULÁN
41|1|61|33|2|SUYWA
41|1|61|33|3|SOJTZI_JA_CHIMALKAN
41|1|61|37|1|AJPOP_SOTZ'IL
41|1|61|37|2|AJPOP_XAJIL
41|1|61|40|1|TULÁN
41|1|61|41|1|TULÁN
41|2|61|1|1|B'ALAM_KI'TZE'
41|2|61|1|2|B'ALAM_AQ'AB'
41|2|61|2|1|MAJUK'UTAJ
41|2|61|2|2|IQ'I_B'ALAM
41|2|61|3|1|TOJIL
41|2|61|3|2|AWILIX
41|2|61|3|3|JAQAWITZ
41|2|61|4|1|MAK_EK'
41|2|62|7|1|TOJIL
41|2|62|8|1|TOJIL
41|2|62|8|2|AWILIX
41|2|62|13|1|XA_Q'ANA_JAL
41|2|62|13|2|XA_Q'ANA_JAL
41|2|62|14|1|TOJIL
41|2|62|15|1|Q'OL
41|2|62|15|2|NOJ
41|2|62|16|1|PUCH_IYA
41|2|62|17|1|TOJIL
41|2|62|18|1|XA_Q'ANA_JAL
41|2|62|19|1|XA_Q'ANA_JAL
41|2|62|30|1|K'IM
41|2|62|30|2|TOROB
41|2|62|31|1|KEJ
41|2|62|31|2|TZ'IKIN
41|2|62|32|1|KIK'
41|2|62|34|1|KEJ
41|2|62|36|1|KEJ
41|2|62|38|1|TOJIL
41|2|62|39|1|KEJ
41|2|62|43|1|KIK'
41|2|62|45|1|TOJIL
41|2|62|45|2|AWILIX
41|2|62|46|1|JAQAWITZ
42|1|62|2|1|TZ'IKIN
42|1|62|3|1|KEJ
42|1|62|4|1|XA_Q'ANA_JAL
42|1|62|4|2|XA_Q'ANA_JAL
42|1|62|5|1|TZ'IKIN
42|1|62|5|2|KEJ
42|1|62|6|1|KIK'
42|1|62|7|1|KEJ
42|1|62|7|2|TZ'IKIN
42|1|62|7|3|TOJIL
42|1|62|8|1|AWILIX
42|1|62|8|2|KIK'
42|1|62|10|1|XA_Q'ANA_JAL
42|1|62|11|1|XA_Q'ANA_JAL
42|1|62|13|1|KEJ
42|1|62|13|2|Q'OL
42|1|62|14|1|PUCH_IYA
42|1|62|14|2|JOLOM_OKOX
42|1|62|15|1|KEJ
42|1|62|20|1|WONON
42|1|62|20|2|SITA'L
42|1|62|21|1|AQAJ
42|1|62|22|1|WA
42|1|62|24|1|IXOQ_AJAWAB'
42|1|62|29|1|B'ALAM_KI'TZE'
42|1|62|29|2|B'ALAM_AQ'AB'
42|1|62|29|3|MAJUK'UTAJ
42|1|62|30|1|IQ'I_B'ALAM
42|1|62|34|1|UTIW
42|1|62|34|2|YAK
42|1|62|35|1|KOJ
42|1|62|36|1|B'ALAM
42|1|62|37|1|UTIW
42|1|62|38|1|YAK
42|1|62|38|2|KOJ
42|1|62|38|3|B'ALAM
42|1|62|44|1|KOJ
42|1|62|45|1|B'ALAM
42|2|62|2|1|IXOQ_AJAWAB'
42|2|62|3|1|WONON
42|2|62|3|2|SITA'L
42|2|62|4|1|AQAJ
42|2|62|5|1|IXOQ_AJAWAB'
42|2|62|6|1|TOJIL
42|2|62|6|2|AWILIX
42|2|62|6|3|JAQAWITZ
42|2|62|8|1|TOJIL
42|2|62|8|2|AWILIX
42|2|62|8|3|JAQAWITZ
42|2|62|8|4|KIK'
42|2|62|9|1|KEJ
42|2|62|9|2|TZ'IKIN
42|2|62|12|1|TOJIL
42|2|62|12|2|AWILIX
42|2|62|12|3|JAQAWITZ
42|2|62|16|1|TOJIL
42|2|62|16|2|AWILIX
42|2|62|16|3|JAQAWITZ
42|2|62|18|1|KIK'
42|2|62|23|1|KIK'
42|2|62|23|2|XA_Q'ANA_JAL
42|2|62|24|1|XA_Q'ANA_JAL
42|2|62|26|1|TULÁN
42|2|62|28|1|SILISIB'
42|2|62|29|1|KIK'
42|2|62|30|1|KIK'
42|2|62|31|1|TOJIL
42|2|62|31|2|AWILIX
42|2|62|31|3|JAQAWITZ
42|2|63|33|1|B'ALAM_KI'TZE'
42|2|63|33|2|B'ALAM_AQ'AB'
42|2|63|34|1|MAJUK'UTAJ
42|2|63|34|2|IQ'I_B'ALAM
42|2|64|39|1|TOJIL
42|2|64|39|2|AWILIX
42|2|64|40|1|KIK'
42|2|64|42|1|B'ALAM
42|2|64|44|1|B'ALAM
42|2|64|47|1|TOJIL
42|2|64|47|2|AWILIX
43|1|64|8|1|KEJ
43|1|64|9|1|B'ALAM
43|1|64|20|1|TOJIL
43|1|64|20|2|AWILIX
43|1|64|21|1|JAQAWITZ
43|1|64|26|1|TOJIL
43|1|64|26|2|AWILIX
43|1|64|27|1|JAQAWITZ
43|1|64|28|1|TOJIL
43|1|64|28|2|AWILIX
43|1|64|28|3|JAQAWITZ
43|1|64|33|1|CHI_RATINIB'AL_TOJIL
43|1|64|38|1|B'ALAM_KI'TZE'
43|1|64|38|2|B'ALAM_AQ'AB'
43|1|64|38|3|MAJUK'UTAJ
43|1|64|39|1|IQ'I_B'ALAM
43|1|65|43|1|TOJIL
43|1|65|43|2|AWILIX
43|1|65|43|3|JAQAWITZ
43|2|65|5|1|KAWEQ
43|2|65|9|1|TOJIL
43|2|65|9|2|AWILIX
43|2|65|10|1|JAQAWITZ
43|2|65|11|1|TOJIL
43|2|65|14|1|KAWEQ
43|2|65|18|1|CHI_RATINIB'AL_TOJIL
43|2|65|19|1|TOJIL
43|2|65|19|2|AWILIX
43|2|65|19|3|JAQAWITZ
43|2|65|28|1|IXTAJ_IXPUCH'
43|2|65|30|1|IXTAJ_IXPUCH'
43|2|65|33|1|IXTAJ_IXPUCH'
43|2|65|35|1|IXTAJ_IXPUCH'
43|2|65|36|1|IXTAJ_IXPUCH'
43|2|65|37|1|IXTAJ_IXPUCH'
43|2|65|37|2|IXTAJ_IXPUCH'
43|2|65|45|1|IXTAJ_IXPUCH'
43|2|65|46|1|IXTAJ_IXPUCH'
44|1|65|7|1|XA_Q'ANA_JAL
44|1|65|8|1|IXTAJ_IXPUCH'
44|1|65|9|1|IXTAJ
44|1|65|10|1|IXPUCH'
44|1|65|11|1|IXTAJ
44|1|65|11|2|IXPUCH'
44|1|65|12|1|CHI_RATINIB'AL_TOJIL
44|1|65|13|1|AWILIX
44|1|65|13|2|JAQAWITZ
44|1|66|16|1|CHI_RATINIB'AL_TOJIL
44|1|66|18|1|XA_Q'ANA_JAL
44|1|66|19|1|IXTAJ_IXPUCH'
44|1|66|24|1|TOJIL
44|1|66|24|2|AWILIX
44|1|66|24|3|JAQAWITZ
44|1|66|26|1|IXTAJ_IXPUCH'
44|1|66|28|1|IXTAJ_IXPUCH'
44|1|66|29|1|TOJIL
44|1|66|30|1|TOJIL
44|1|66|31|1|IXTAJ_IXPUCH'
44|1|66|33|1|IXTAJ_IXPUCH'
44|1|66|37|1|XA_Q'ANA_JAL
44|1|66|38|1|TOJIL
44|1|66|39|1|XA_Q'ANA_JAL
44|1|66|42|1|IXTAJ_IXPUCH'
44|1|66|44|1|IXTAJ_IXPUCH'
44|1|66|45|1|TOJIL
44|1|66|46|1|TOJIL
44|1|66|46|2|AWILIX
44|1|66|46|3|JAQAWITZ
44|2|66|1|1|IXTAJ
44|2|66|2|1|IXPUCH'
44|2|66|2|2|IXTAJ_IXPUCH'
44|2|66|6|1|XA_Q'ANA_JAL
44|2|66|7|1|XA_Q'ANA_JAL
44|2|66|7|2|B'ALAM_KI'TZE'
44|2|66|8|1|B'ALAM_AQ'AB'
44|2|66|8|2|MAJUK'UTAJ
44|2|66|9|1|IQ'I_B'ALAM
44|2|66|11|1|IXTAJ_IXPUCH'
44|2|66|13|1|B'ALAM_KI'TZE'
44|2|66|14|1|B'ALAM_AQ'AB'
44|2|66|14|2|MAJUK'UTAJ
44|2|67|16|1|B'ALAM_KI'TZE'
44|2|67|16|2|B'ALAM
44|2|67|18|1|B'ALAM_AQ'AB'
44|2|67|19|1|K'OTAL
44|2|67|20|1|MAJUK'UTAJ
44|2|67|21|1|WONON
44|2|67|21|2|SITA'L
44|2|67|26|1|IXTAJ
44|2|67|26|2|IXPUCH'
44|2|67|27|1|B'ALAM_KI'TZE'
44|2|67|27|2|B'ALAM_AQ'AB'
44|2|67|27|3|MAJUK'UTAJ
44|2|67|30|1|TOJIL
44|2|67|34|1|IXTAJ_IXPUCH'
44|2|67|39|1|IXTAJ_IXPUCH'
44|2|67|40|1|TOJIL
44|2|67|41|1|IXTAJ
44|2|67|41|2|IXPUCH'
44|2|67|47|1|IXTAJ_IXPUCH'
44|2|67|47|2|B'ALAM
45|1|67|1|1|K'OTAL
45|1|67|1|2|WONON
45|1|67|1|3|SITA'L
45|1|67|5|1|B'ALAM
45|1|67|5|2|TOJIL
45|1|67|6|1|AWILIX
45|1|67|7|1|K'OTAL
45|1|67|8|1|AWILIX
45|1|67|11|1|JAQAWITZ
45|1|67|12|1|WONON
45|1|67|12|2|SITA'L
45|1|67|14|1|WONON
45|1|67|14|2|SITA'L
45|1|67|16|1|JAQAWITZ
45|1|67|18|1|MAJUK'UTAJ
45|1|67|20|1|IXTAJ_IXPUCH
45|1|67|21|1|IXTAJ
45|1|67|21|2|IXPUCH'
45|1|67|24|1|IXTAJ_IXPUCH'
45|1|67|24|2|IXTAJ_IXPUCH'
45|1|67|26|1|TOJIL
45|1|67|27|1|TOJIL
45|1|67|28|1|IXTAJ
45|1|67|28|2|IXPUCH'
45|1|67|32|1|B'ALAM_KI'TZE'
45|1|67|33|1|B'ALAM_AQ'AB'
45|1|67|33|2|MAJUK'UTAJ
45|1|67|46|1|B'ALAM_KI'TZE'
45|1|67|47|1|B'ALAM_AQ'AB'
45|1|67|47|2|MAJUK'UTAJ
45|2|67|1|1|IQ'I_B'ALAM
45|2|67|1|2|JAQAWITZ_JUYUB'
45|2|68|15|1|XA_Q'ANA_JAL
45|2|68|18|1|TOJIL
45|2|68|22|1|TOJIL
45|2|68|23|1|B'ALAM_KI'TZE'
45|2|68|23|2|B'ALAM_AQ'AB'
45|2|68|24|1|MAJUK'UTAJ
45|2|68|34|1|B'ALAM_KI'TZE'
45|2|68|34|2|B'ALAM_AQ'AB'
45|2|68|35|1|MAJUK'UTAJ
45|2|68|41|1|YACHWACH
45|2|68|46|1|TINAMIT_K'ICHE'
46|1|68|1|1|YACHWACH
46|1|68|3|1|YACHWACH
46|1|68|15|1|XA_Q'ANA_JAL
46|1|68|15|2|XA_Q'ANA_JAL
46|1|68|16|1|JAQAWITZ_JUYUB'
46|1|68|17|1|B'ALAM_KI'TZE'
46|1|68|18|1|B'ALAM_AQ'AB'
46|1|68|18|2|MAJUK'UTAJ
46|1|68|18|3|IQ'I_B'ALAM
46|1|68|19|1|BALAM_KI'TZE
46|1|68|20|1|B'ALAM_AQ'AB'
46|1|68|20|2|MAJUK'UTAJ
46|1|68|21|1|IQ'I_B'ALAM
46|1|68|35|1|TOJIL
46|1|68|37|1|TOJIL
46|1|68|39|1|B'ALAM_KI'TZE'
46|1|68|40|1|B'ALAM_AQ'AB'
46|1|68|40|2|MAJUK'UTAJ
46|1|68|41|1|IQ'I_B'ALAM
46|1|68|41|2|WONON
46|1|68|42|1|SITA'L
46|1|68|44|1|Q'OQ
46|1|68|46|1|WONON
46|1|68|46|2|SITA'L
46|1|68|47|1|Q'OQ
46|2|68|13|1|B'ALAM_KI'TZE'
46|2|68|14|1|B'ALAM_AQ'AB'
46|2|68|14|2|MAJUK'UTAJ
46|2|68|15|1|JAQAWITZ_JUYUB'
46|2|69|18|1|B'ALAM_KI'TZE'
46|2|69|19|1|B'ALAM_AQ'AB'
46|2|69|19|2|MAJUK'UTAJ
46|2|69|19|3|IQ'I_B'ALAM
46|2|69|20|1|JAQAWITZ_JUYUB'
46|2|69|21|1|IXOQ_AJAWAB'
46|2|69|30|1|XA_Q'ANA_JAL
46|2|69|30|2|XA_Q'ANA_JAL
46|2|69|32|1|IXOQ_AJAWAB'
46|2|69|35|1|JAQAWITZ_JUYUB'
46|2|69|37|1|Q'OQ
46|2|69|39|1|WONON
46|2|69|39|2|SITA'L
46|2|69|40|1|Q'OQ
46|2|69|47|1|WONON
46|2|69|47|2|SITA'L
47|1|69|3|1|WONON
47|1|69|3|2|SITA'L
47|1|69|7|1|JAQAWITZ_JUYUB'
47|1|69|9|1|IKAJ
47|1|69|10|1|B'ALAM_KI'TZE'
47|1|69|10|2|B'ALAM_AQ'AB'
47|1|69|11|1|IXOQ_AJAWAB'
47|1|69|11|2|IXOQ_AJAWAB'
47|1|69|23|1|B'ALAM_KI'TZE'
47|1|69|23|2|B'ALAM_AQ'AB'
47|1|69|23|3|MAJUK'UTAJ
47|1|69|26|1|AJPATAN
47|1|69|29|1|XA_Q'ANA_JAL
47|1|69|29|2|XA_Q'ANA_JAL
47|1|69|30|1|JAQAWITZ_JUYUB'
47|1|69|34|1|JAQAWITZ_JUYUB'
47|1|69|36|1|JAQAWITZ_JUYUB'
47|1|69|42|1|B'ALAM_KI'TZE'
47|1|69|43|1|B'ALAM_AQ'AB'
47|1|69|43|2|MAKUJUTAJ
47|1|69|44|1|IQ'I_B'ALAM
47|2|70|3|1|B'ALAM_KI'TZE'
47|2|70|4|1|K'OKA'IB
47|2|70|4|2|K'OQAWIB_KQDOS
47|2|70|5|1|B'ALAM_KI'TZE'
47|2|70|6|1|B'ALAM_KI'TZE'
47|2|70|6|2|B'ALAM_KI'TZE'
47|2|70|6|3|KAWEQ
47|2|70|7|1|B'ALAM_AQ'AB'
47|2|70|8|1|K'O'AKUL
47|2|70|9|1|K'O'AKUTEK
47|2|70|10|1|B'ALAM_AQ'AB'
47|2|70|11|1|NIJA'IB
47|2|70|12|1|MAJUK'UTAJ
47|2|70|12|2|K'O'AJAW
47|2|70|14|1|IQ'I_B'ALAM
47|2|70|15|1|XA_Q'ANA_JAL
47|2|70|15|2|XA_Q'ANA_JAL
47|2|70|19|1|QAMUKU
47|2|70|25|1|IXOQ_AJAWAB'
47|2|70|26|1|IXOQ_AJAWAB'
47|2|70|28|1|KEJ
47|2|70|37|1|B'ALAM_KI'TZE'
47|2|70|41|1|PISOM_Q'AQ'AL
47|2|70|47|1|JAQAWITZ_JUYUB'
48|1|70|1|1|IXOQ_AJAWAB'
48|1|70|4|1|PISOM_Q'AQ'AL
48|1|70|5|1|XA_Q'ANA_JAL
48|1|70|7|1|XA_Q'ANA_JAL
48|1|70|9|1|XA_Q'ANA_JAL
48|1|70|10|1|XA_Q'ANA_JAL
48|1|70|11|1|B'ALAM_KI'TZE'
48|1|70|12|1|KAWEQ
48|1|70|12|2|KAWEQ
48|1|70|12|3|KAWEQ
48|1|70|13|1|K'OKA'IB_KQDOS
48|1|70|14|1|K'OQAWIB_KQDOS
48|1|70|15|1|XA_Q'ANA_JAL
48|1|70|16|1|XA_Q'ANA_JAL
48|1|70|16|2|XA_Q'ANA_JAL
48|1|70|17|1|JAQAWITZ_JUYUB'
48|1|70|24|1|XA_Q'ANA_JAL
48|1|70|25|1|PISOM_Q'AQ'AL
48|1|70|26|1|PISOM_Q'AQ'AL
48|1|70|28|1|PISOM_Q'AQ'AL
48|1|70|29|1|XA_Q'ANA_JAL
48|1|70|32|1|B'ALAM_KI'TZE'
48|1|70|32|2|B'ALAM_AQ'AB'
48|1|70|32|3|MAJUK'UTAJ
48|1|70|33|1|IQ'I_B'ALAM
48|1|70|34|1|PALO
48|1|70|37|1|XA_Q'ANA_JAL
48|1|70|37|2|XA_Q'ANA_JAL
48|1|71|40|1|XA_Q'ANA_JAL
48|1|71|42|1|XA_Q'ANA_JAL
48|1|71|42|2|IXOQ_AJAWAB'
48|1|71|43|1|IXOQ_AJAWAB'
48|1|71|46|1|XA_Q'ANA_JAL
48|1|71|47|1|K'OKA'IB_KQDOS
48|2|71|1|1|K'OKA'IB_KQDOS
48|2|71|1|2|B'ALAM_KI'TZE'
48|2|71|2|1|KAWEQ
48|2|71|3|1|K'O'AKUTEK_NJDOS
48|2|71|3|2|B'ALAM_AQ'AB'
48|2|71|4|1|NIJA'IB
48|2|71|4|2|K'O'AJAW_AKDOS
48|2|71|5|1|MAJUK'UTAJ
48|2|71|6|1|AJAW_K'ICHE'
48|2|71|7|1|PALO
48|2|71|15|1|PALO
48|2|71|17|1|NAKXIT
48|2|71|18|1|NAKXIT
48|2|71|18|2|NAKXIT
48|2|71|18|3|NAKXIT
48|2|72|20|1|NAKXIT
48|2|72|21|1|NAKXIT
48|2|72|21|2|NAKXIT
48|2|72|25|1|AJPOP
48|2|72|25|2|AJPOP_K'AMJA
48|2|72|27|1|AJPOP
48|2|72|27|2|AJPOP_K'AMJA
48|2|72|28|1|NAKXIT
48|2|72|30|1|MU'J
48|2|72|30|2|Q'ALIB'AJ
48|2|72|30|3|SUB'AQ
48|2|72|30|4|CHAMCHAM
48|2|72|31|1|TATIL
48|2|72|31|2|Q'ANAB'AJ
48|2|72|31|3|TZIKWIL_KOJ
48|2|72|31|4|TZIKWIL_B'ALAM
48|2|72|32|1|JOLOM
48|2|72|32|2|PICH_KEJ
48|2|72|32|3|MAKUTAX
48|2|72|33|1|T'OT_TATAN
48|2|72|33|2|K'US_B'US
48|2|72|33|3|KAXKON
48|2|72|34|1|CHIYOM
48|2|72|34|2|ASTAPULUL
48|2|72|36|1|PALO
48|2|72|36|2|TULÁN
48|2|73|40|1|JAQAWITZ_JUYUB'
48|2|73|41|1|TAMUB'
48|2|73|42|1|ILOKAB'
48|2|73|44|1|K'OKA'IB_KQDOS
48|2|73|44|2|K'O'AKUTEK_NJDOS
48|2|73|44|3|K'O'AJAW_AKDOS
48|2|73|46|1|RAB'INALEB'
48|2|73|47|1|KAQCHIKELEB'
49|1|73|1|1|AJTZ'IKINA_JA
49|1|73|5|1|JAQAWITZ_JUYUB'
49|1|73|8|1|JAQAWITZ_JUYUB'
49|1|73|9|1|IXOQ_AJAWAB'
49|1|73|10|1|B'ALAM_KI'TZE'
49|1|73|10|2|B'ALAM_AQ'AB'
49|1|73|10|3|MAJUK'UTAJ
49|1|73|12|1|JAQAWITZ_JUYUB'
49|1|73|17|1|XA_Q'ANA_JAL
49|1|73|18|1|XA_Q'ANA_JAL
49|1|73|21|1|JAQAWITZ_JUYUB'
49|1|73|23|1|CHI_K'IX
49|1|73|36|1|CHI_K'IX
49|1|73|36|2|CHI_CHAQ'
49|1|73|36|3|JUMETA_JA
49|1|73|37|1|K'ULB'A
49|1|73|37|2|KAWINAL
49|2|73|2|1|CHI_ISMACHI'
49|2|73|3|1|CHI_ISMACHI'
49|2|74|5|1|CHI_ISMACHI'
49|2|74|10|1|B'ALAM_K'ONACHE'_KQTRES
49|2|74|10|2|B'ELEJEB'_KEJ_NJCUATRO
49|2|74|11|1|AJAW_Q'ALEL
49|2|74|12|1|K'OTUJA_KQCUATRO
49|2|74|13|1|ISTAYUL_KQCUATRO
49|2|74|13|2|AJPOP
49|2|74|13|3|AJPOP_K'AMJA
49|2|74|14|1|CHI_ISMACHI'
49|2|74|16|1|OXIB_RI_NIM_JA
49|2|74|17|1|CHI_ISMACHI'
49|2|74|18|1|KAJIB'_UNIM_JA
49|2|74|18|2|OXIB_RI_NIM_JA
49|2|74|20|1|KAWEQ
49|2|74|21|1|NIJA'IB
49|2|74|22|1|AJAW_K'ICHE'
49|2|74|24|1|CHI_ISMACHI
49|2|74|35|1|CHI_ISMACHI
49|2|74|39|1|ILOKAB'
49|2|74|40|1|ILOKAB'
49|2|74|41|1|K'OTUJA_KQCUATRO
49|2|74|41|2|ISTAYUL_KQCUATRO
49|2|74|42|1|ISTAYUL_KQCUATRO
49|2|74|44|1|ILOKAB'
49|2|74|46|1|K'OTUJA_KQCUATRO
50|1|74|1|1|K'OTUJA_KQCUATRO
50|1|74|2|1|ILOKAB'
50|1|74|5|1|TINAMIT_K'ICHE'
50|1|74|10|1|ILOKAB'
50|1|74|12|1|K'OTUJA_KQCUATRO
50|1|74|17|1|K'OTUJA_KQCUATRO
50|1|74|18|1|TINAMIT_K'ICHE'
50|1|74|24|1|CHI_ISMACHI
50|1|74|26|1|KAWEQ
50|1|74|31|1|CHI_ISMACHI
50|1|74|32|1|KIK'
50|1|74|38|1|K'OTUJA_KQCUATRO
50|1|74|38|2|ISTAYUL_KQCUATRO
50|1|74|39|1|NIJA'IB
50|1|74|39|2|AJAW_KICHE
50|1|74|41|1|CHI_ISMACHI
50|1|74|45|1|OXIB_RI_NIM_JA
50|2|74|10|1|KAWEQ
50|2|74|11|1|NIJA'IB
50|2|74|11|2|AJAW_K'ICHE'
50|2|74|12|1|OXIB_RI_NIM_JA
50|2|74|13|1|OXIB_RI_NIM_JA
50|2|74|14|1|CHI_ISMACHI
50|2|74|15|1|Q'UMARKAJ
50|2|74|16|1|CHI_ISMACHI
50|2|75|18|1|Q'UMARKAJ
50|2|75|19|1|TINAMIT_K'ICHE'
50|2|75|20|1|K'OTUJA_KQCINCO
50|2|75|21|1|Q'UKUMATZ_KQCINCO
50|2|75|27|1|Q'UMARKAJ
50|2|75|47|1|Q'UMARKAJ
51|1|75|1|1|SOR_OBISPO
51|1|75|9|1|KAWEQ
51|1|75|10|1|NIJA'IB
51|1|75|11|1|AJAW_K'ICHE'
51|1|76|19|1|KAWEQ
51|1|76|20|1|AJPOP
51|1|76|20|2|AJPOP_K'AMJA
51|1|76|20|3|AJTOJIL
51|1|76|21|1|AJQ'UKUMATZ
51|1|76|21|2|NIM_CH'OKOJ_KAWEQ
51|1|76|22|1|POPOL_WINAQ_CHI_T'UY
51|1|76|22|2|LOLMET_KEJNAY
51|1|76|23|1|POPOL_WINAQ_PA_JOM_TZALATZ'
51|1|76|24|1|UCHUCH_K'AMJA
51|1|77|26|1|KAWEQ
51|1|78|30|1|NIJA'IB
51|1|78|31|1|AJAW_Q'ALEL
51|1|78|31|2|AJAW_AJTZIK_WINAQ
51|1|78|32|1|Q'ALEL_K'AMJA
51|1|78|32|2|NIMA_K'AMJA
51|1|78|32|3|UCHUCH_K'AMJA
51|1|78|33|1|NIM_CH'OKOJ_NIJA'IB'
51|1|78|34|1|AJAW_AWILIX
51|1|78|34|2|YAKOLATAM_UTZA'M_POP_SAQLATOL
51|1|78|35|1|NIMA_LOLMET_YE'OLTUX
51|1|78|37|1|NIJA'IB
51|1|79|38|1|AJAW_K'ICHE'
51|1|79|39|1|AJTZIK_WINAQ
51|1|79|40|1|AJAW_LOLMET
51|1|79|40|2|AJAW_NIM_CH'OKOJ
51|1|79|41|1|AJAW_JAQAWITZ
51|1|79|42|1|AJAW_K'ICHE'
51|1|80|45|1|TZ'UTUJA
51|2|81|2|1|KAJIB'_UNIM_JA
51|2|81|2|2|KAJIB'_UNIM_JA
51|2|81|4|1|TEPEW
51|2|81|4|2|TINAMIT_K'ICHE'
51|2|81|6|1|TINAMIT_K'ICHE'
51|2|81|10|1|TINAMIT_K'ICHE'
51|2|81|10|2|TEPEW
51|2|81|35|1|Q'UKUMATZ_KQCINCO
51|2|81|36|1|K'OTUJA_KQCINCO
51|2|81|37|1|Q'UKUMATZ_KQCINCO
51|2|81|39|1|XIB'ALB'A
51|2|81|40|1|KUMATZ
51|2|81|41|1|KUMATZ
51|2|81|43|1|K'OTAL
51|2|81|43|2|B'ALAM
51|2|81|44|1|K'OTAL
51|2|81|44|2|B'ALAM
51|2|81|46|1|KIK'
51|2|81|47|1|KIK'
52|1|81|6|1|TINAMIT_K'ICHE'
52|1|81|7|1|Q'UKUMATZ_KQCINCO
52|1|81|15|1|Q'UKUMATZ_KQCINCO
52|1|81|16|1|AJPOP
52|1|81|16|2|AJPOP_K'AMJA
52|1|81|21|1|TEPEPUL_KQSEIS
52|1|81|22|1|ISTAYUL_KQSEIS
52|1|82|27|1|K'IKAB'_KQSIETE
52|1|82|28|1|KAWISIMAJ_KQSIETE
52|1|82|29|1|K'IKAB'_KQSIETE
52|1|82|30|1|KAWISIMAJ_KQSIETE
52|1|82|31|1|TINAMIT_K'ICHE'
52|1|82|36|1|KAQCHIKELEB'
52|1|82|37|1|WILA'
52|1|82|38|1|RAB'INALEB'
52|1|82|38|2|PA_MAK'A'
52|1|82|39|1|KAWKEB'
52|1|82|39|2|SAQKABAJA
52|1|82|40|1|SAQULEWAB'
52|1|82|41|1|CHUWI_MEQ'ENA'
52|1|82|41|2|XELAJUJ
52|1|82|41|3|CHUWA_TZ'AQ
52|1|82|42|1|TZ'OLOJ_CHE'
52|1|82|43|1|K'IKAB
52|1|82|45|1|RAB'INALEB'
52|1|82|45|2|KAQCHIKELEB'
52|1|82|46|1|SAQULEWAB'
52|2|82|1|1|K'IKAB'_KQSIETE
52|2|82|4|1|K'IKAB'_KQSIETE
52|2|82|4|2|KAWISIMAJ_KQSIETE
52|2|82|11|1|Q'OL_CHE'
52|2|82|14|1|IKAJ
52|2|82|15|1|PETATAYUB'
52|2|82|17|1|K'IKAB'_KQSIETE
52|2|83|44|1|K'IKAB'_KQSIETE
52|2|83|46|1|Q'ALEL
52|2|83|46|2|AJTZIK_WINAQ
53|1|83|2|1|TINAMIT_K'ICHE'
53|1|83|8|1|WILA'
53|1|83|8|2|CHULIMAL
53|1|83|8|3|SAQI_YA
53|1|83|9|1|XAJBA'KYEJ
53|1|83|9|2|CHITEMAJ
53|1|83|9|3|WAJXALAJUJ
53|1|83|10|1|AJ_KAB'RAQAN
53|1|83|10|2|CH'ABI_Q'AQ'
53|1|83|11|1|CHI_JUNAJPU
53|1|83|11|2|MAQ'A'
53|1|83|11|3|XAYAB'AJ
53|1|83|12|1|SAQKABAJA
53|1|83|12|2|SIYAJA
53|1|83|13|1|CHUWI'_MEQ'ENA'
53|1|83|13|2|XELAJUJ
53|1|83|15|1|K'IKAB'_KQSIETE
53|1|83|16|1|KAWISIMAJ_KQSIETE
53|1|83|16|2|AJPOP
53|1|83|16|3|AJPOP_K'AMJA
53|1|83|17|1|Q'ALEL
53|1|83|17|2|AJTZIK_WINAQ
53|1|83|19|1|K'IKAB'_KQSIETE
53|1|83|19|2|KAWISIMAJ_KQSIETE
53|1|83|20|1|KAWEQ
53|1|83|21|1|KE'EMA
53|1|83|21|2|NIJA'IB
53|1|83|22|1|ACHAQ'_IB'OY
53|1|83|23|1|AJAW_K'ICHE'
53|1|83|28|1|K'IKAB'_KQSIETE
53|1|83|29|1|KAWISIMAJ_KQSIETE
53|1|83|29|2|Q'ALEL
53|1|83|29|3|AJTZIK_WINAQ
53|1|83|37|1|AJPOP
53|1|83|37|2|AJPOP_K'AMJA
53|1|83|38|1|Q'ALEL
53|1|83|38|2|AJTZIK_WINAQ
53|1|83|41|1|AJPOP
53|1|83|41|2|AJPOP_K'AMJA
53|1|83|42|1|AJPOP
53|1|83|43|1|AJAW_Q'ALEL
53|1|83|46|1|TAMUB'
53|1|83|46|2|ILOKAB'
53|1|83|47|1|OXIB_RI_NIM_JA
53|2|83|1|1|OXIB_RI_NIM_JA
53|2|83|4|1|TINAMIT_K'ICHE'
53|2|84|8|1|XE'_B'ALAX
53|2|84|8|2|XE'_K'A'MAQ
53|2|84|10|1|CHULIMAL
53|2|85|12|1|Q'ALEL
53|2|85|13|1|AJPOP
53|2|85|13|2|AJPOP
53|2|85|14|1|AJPOP_K'AMJA
53|2|85|14|2|AJTZIK_WINAQ
53|2|85|16|1|Q'ALEL
53|2|85|16|2|AJPOP
53|2|85|16|3|NIMA_CH'OKOJ
53|2|85|17|1|Q'ALEL_AJAW
53|2|85|17|2|Q'ALEL_SAQIK
53|2|85|17|3|Q'ALEL_ACHIJ
53|2|85|18|1|RAJPOP_ACHIJ
53|2|85|18|2|RAJTZ'ALAM_ACHIJ
53|2|85|19|1|UTZA'M_ACHIJ
53|2|85|22|1|TINAMIT_K'ICHE'
53|2|85|25|1|TINAMIT_K'ICHE'
53|2|85|26|1|TAMUB'
53|2|85|26|2|ILOKAB'
53|2|85|29|1|Q'ALEL
53|2|85|29|2|AJPOP
53|2|85|31|1|AJPOP
53|2|85|32|1|AJPOP_K'AMJA
53|2|85|33|1|AJTZIK_WINAQ
53|2|86|36|1|NIMA'Q_TZ'AQ_TOJIL
53|2|86|37|1|TOJIL
53|2|86|38|1|KAWEQ
53|2|86|38|2|AWILIX
53|2|86|39|1|AWILIX
53|2|86|39|2|NIJA'IB
53|2|86|39|3|JAQAWITZ
53|2|86|41|1|AJAW_K'ICHE'
53|2|86|41|2|TZ'UTU_JA
53|2|86|41|3|K'AJB'A_JA
53|2|86|43|1|TINAMIT_K'ICHE'
53|2|86|46|1|TOJIL
53|2|86|47|1|AJPOP
53|2|86|47|2|AJPOP_K'AMJA
54|1|86|3|1|AJPOP
54|1|86|3|2|AJPOP_K'AMJA
54|1|86|6|1|Q'UKUMATZ_KQCINCO
54|1|86|6|2|K'OTUJA_KQCINCO
54|1|86|7|1|Q'UKUMATZ_KQCINCO
54|1|86|7|2|K'OTUJA_KQCINCO
54|1|86|8|1|K'IKAB'_KQSIETE
54|1|86|8|2|KAWISIMAJ_KQSIETE
54|1|86|13|1|POPOL_WUJ
54|1|86|24|1|TOJIL
54|1|86|25|1|TULUL
54|1|86|25|2|AJACHE'
54|1|86|25|3|Q'INOM
54|1|86|26|1|WA
54|1|86|29|1|WA
54|1|87|45|1|JUN_RAQAN
54|1|87|46|1|UK'U'X_KAJ
54|1|87|46|2|UK'U'X_ULEW
54|2|87|14|1|RAXA_B'E
54|2|87|15|1|RAXA_B'E
54|2|87|18|1|UK'U'X_KAJ
54|2|87|19|1|UK'U'X_ULEW
54|2|87|19|2|PISOM_Q'AQ'AL
54|2|87|20|1|TOJIL
54|2|87|20|2|AWILIX
54|2|87|20|3|JAQAWITZ
54|2|87|20|4|PAM_KAJ_UPAM_ULEW
54|2|87|33|1|AJPOP
54|2|87|33|2|AJPOP_K'AMJA
54|2|87|33|3|Q'ALEL
54|2|87|33|4|AJTZIK_WINAQ
54|2|87|36|1|TINAMIT_K'ICHE'
54|2|87|39|1|TAMUB'
54|2|87|39|2|ILOKAB'
54|2|87|40|1|RAB'INALEB'
54|2|87|40|2|KAQCHIKELEB'
54|2|87|40|3|AJTZ'IKINA_JA
54|2|87|41|1|TUJAL_JA
54|2|87|41|2|UCH'AB'AJA
54|2|87|43|1|TINAMIT_K'ICHE'
54|2|87|46|1|K'OOL
54|2|87|46|2|WA
55|1|87|10|1|Q'UKUMATZ_KQCINCO
55|1|87|10|2|K'OTUJA_KQCINCO
55|1|87|11|1|K'IKAB'_KQSIETE
55|1|87|11|2|KAWISIMAJ_KQSIETE
55|1|87|12|1|AJPOP
55|1|87|12|2|AJPOP_K'AMJA
55|1|87|12|3|Q'ALEL
55|1|87|12|4|AJTZIK_WINAQ
55|1|87|16|1|TINAMIT_K'ICHE'
55|1|87|19|1|Q'UKUMATZ_KQCINCO
55|1|87|21|1|TINAMIT_K'ICHE'
55|1|88|27|1|B'ALAM_KI'TZE'
55|1|88|27|2|B'ALAM_AQ'AB'
55|1|88|28|1|MAJUK'UTAJ
55|1|88|28|2|IQ'I_B'ALAM
55|1|88|28|3|XA_Q'ANA_JAL
55|1|88|29|1|XA_Q'ANA_JAL
55|1|88|40|1|TINAMIT_K'ICHE'
55|1|88|41|1|B'ALAM_KI'TZE'
55|1|88|41|2|KAWEQ
55|1|88|43|1|K'OQAWIB_KQDOS
55|1|88|43|2|B'ALAM_KI'TZE'
55|1|88|44|1|B'ALAM_K'ONACHE'_KQTRES
55|1|88|44|2|AJPOP
55|1|88|46|1|K'OTUJA_KQCUATRO
55|1|88|46|2|ISTAYUL_KQCUATRO
55|1|88|47|1|Q'UKUMATZ_KQCINCO
55|1|88|47|2|K'OTUJA_KQCINCO
55|2|88|2|1|TEPEPUL_KQSEIS
55|2|88|2|2|ISTAYUL_KQSEIS
55|2|88|3|1|K'IKAB'_KQSIETE
55|2|88|3|2|KAWISIMAJ_KQSIETE
55|2|88|5|1|TEPEPUL_KQOCHO
55|2|88|5|2|ISTAYUL_KQOCHO
55|2|88|6|1|TEKUM_KQNUEVE
55|2|88|6|2|TEPEPUL_KQNUEVE
55|2|88|7|1|WAJXAQIB'_K'AM_KQDIEZ
55|2|88|7|2|K'IKAB'_KQDIEZ
55|2|88|9|1|WUQUB'_NO'J_KQONCE
55|2|88|9|2|KUWATEPECH_KQONCE
55|2|88|11|1|OXIB'_KEJ_KQDOCE
55|2|88|11|2|B'ELEJEB'_T'ZI'_KQDOCE
55|2|88|13|1|DONADIU
55|2|88|15|1|TEKUM_KQTRECE
55|2|88|15|2|TEPEPUL_KQTRECE
55|2|88|19|1|DON_JUAN_DE_ROJAS_KQCATORCE
55|2|88|19|2|DON_JUAN_CORTES_KQCATORCE
55|2|88|21|1|TEKUM_KQTRECE
55|2|88|21|2|TEPEPUL_KQTRECE
55|2|89|23|1|AJPOP
55|2|89|23|2|AJPOP_K'AMJA
55|2|89|24|1|KAWEQ
55|2|89|27|1|AJPOP
55|2|89|27|2|AJPOP_K'AMJA
55|2|89|28|1|KAWEQ
55|2|89|31|1|AJPOP
55|2|89|33|1|AJPOP_K'AMJA
55|2|89|35|1|NIM_CH'OKOJ_KAWEQ
55|2|89|36|1|AJTOJIL
55|2|89|37|1|AJQ'UKUMATZ
55|2|89|38|1|POPOL_WINAQ_CHI_T'UY
55|2|89|39|1|LOLMET_KEJNAY
55|2|89|40|1|POPOL_WINAQ_PA_JOM_TZALATZ'
55|2|89|42|1|TEPEW_YAKI
55|2|90|44|1|KAWEQ
55|2|91|46|1|NIJA'IB
56|1|91|4|1|B'ALAM_AQ'AB'
56|1|91|6|1|K'O'AKUL_NJDOS
56|1|91|6|2|K'O'AKUTEK_NJDOS
56|1|91|7|1|K'OCHAJUJ_NJTRES
56|1|91|7|2|K'OTZ'IB'AJA_NJTRES
56|1|91|8|1|B'ELEJEB'_KEJ_NJCUATRO
56|1|91|9|1|K'OTUJA_NJCINCO
56|1|91|10|1|B'ATZ'A_NJSEIS'
56|1|91|11|1|ISTAYUL_NJSIETE
56|1|91|12|1|K'OTUJA_NJOCHO
56|1|91|14|1|B'ELEJEB'_KEJ_NUEVE
56|1|91|15|1|KE'EMA_NJDIEZ
56|1|91|16|1|AJAW_K'OTUJA_NJONCE
56|1|91|17|1|DON_CRISTÓBAL_NJONCE
56|1|91|20|1|AJAQ_Q'ALEL_NJDOCE
56|1|91|20|2|AJAQ_Q'ALEL_NJDOCE
56|1|92|23|1|AJAW_Q'ALEL
56|1|92|26|1|AJAW_Q'ALEL
56|1|92|27|1|NIJA'IB
56|1|92|28|1|AJAW_AJTZIK_WINAQ
56|1|92|29|1|AJAW_Q'ALEL_K'AMJA
56|1|92|30|1|NIMA_K'AMJA
56|1|92|31|1|UCHUCH_K'AMJA
56|1|92|32|1|NIMA_K'AMJA
56|1|92|33|1|NIM_CH'OKOJ_NIJA'IB'
56|1|92|34|1|AJAW_AWILIX
56|1|92|35|1|YAKOLATAM
56|1|93|36|1|NIJA'IB
56|1|93|38|1|NIJA'IB
56|1|94|42|1|AJAW_K'ICHE'
56|1|94|44|1|MAJUK'UTAJ
56|1|94|45|1|K'O'AJAW_AKDOS
56|1|94|46|1|Q'AQ'_LAQAM_AKTRES
56|1|94|47|1|K'OKOSOM_AKCUATRO
56|2|94|1|1|KOMAJKUN_AKCINCO
56|2|94|2|1|WUQUB'_AJ_AKSEIS
56|2|94|3|1|K'OKAMEL_AKSIETE
56|2|94|4|1|K'OYABAKOJ_AKOCHO
56|2|94|5|1|WINAQ_B'ALAM_AKNUEVE
56|2|95|7|1|AJAW_K'ICHE'
56|2|95|9|1|KAJIB'_UNIM_JA
56|2|95|11|1|AJTZIK_WINAQ_AJAW
56|2|95|13|1|AJAW_LOLMET
56|2|95|15|1|AJAW_NIM_CH'OKOJ
56|2|95|17|1|AJAW_JAQAWITZ
56|2|95|18|1|KAJIB'_UNIM_JA
56|2|95|19|1|AJAW_K'ICHE'
56|2|96|20|1|NIM_CH'OKOJ
56|2|96|22|1|TINAMIT_K'ICHE'
56|2|96|23|1|NIM_CH'OKOJ
56|2|96|24|1|NIM_CH'OKOJ
56|2|96|24|2|NIM_CH'OKOJ
56|2|96|25|1|NIM_CH'OKOJ
56|2|96|26|1|NIM_CH'OKOJ
56|2|97|27|1|NIM_CH'OKOJ
56|2|97|27|2|NIJA'IB
56|2|97|28|1|AJAW_NIM_CH'OKOJ
56|2|97|29|1|AJAW_K'ICHE'
56|2|97|29|2|NIM_CH'OKOJ
56|2|97|30|1|NIM_CH'OKOJ
56|2|97|32|1|TINAMIT_K'ICHE'
56|2|97|33|1|POPOL_WUJ
56|2|97|35|1|TINAMIT_K'ICHE'
56|2|97|36|1|SANTA_CRUZ
